
DROP DATABASE IF EXISTS dbVerein;
CREATE DATABASE dbVerein;

use dbVerein;

CREATE TABLE Ort (
	Ort_Id INTEGER NOT NULL AUTO_INCREMENT,
	PLZ Varchar(10) NOT NULL,
	Ort Varchar(30) NOT NULL,
	CONSTRAINT PrimaryKey PRIMARY KEY (Ort_Id)
)ENGINE=InnoDB DEFAULT CHARSET=latin1 COLLATE latin1_german1_ci;

CREATE TABLE Mitglied (
	M_Id INTEGER NOT NULL AUTO_INCREMENT,
	Vorname Varchar(20) NOT NULL,
	Nachname Varchar(20) NOT NULL,
	Geburtsdatum DATETIME,
	Geschlecht Varchar(1) NOT NULL,
	Strasse Varchar(30) NOT NULL,
	Ort_Id INTEGER,
	Tel Varchar(20) NOT NULL,
	Eintrittsdatum DATETIME,
	CONSTRAINT PrimaryKey PRIMARY KEY (M_Id),
	CONSTRAINT PLZMitglieder FOREIGN KEY (Ort_Id) REFERENCES Ort (Ort_Id)
)ENGINE=InnoDB DEFAULT CHARSET=latin1 COLLATE latin1_german1_ci;



CREATE TABLE Sportart (
	Sport_Id INTEGER NOT NULL AUTO_INCREMENT,
	Sportart Varchar(20) NOT NULL,
	Beitrag NUMERIC(6,2),
	CONSTRAINT PrimaryKey PRIMARY KEY (Sport_Id)
)ENGINE=InnoDB DEFAULT CHARSET=latin1 COLLATE latin1_german1_ci;

CREATE TABLE Link_Mitglied_Sportart (
	M_Id INTEGER,
	Sport_ID INTEGER,
	CONSTRAINT PrimaryKey PRIMARY KEY (M_Id, Sport_Id),
	CONSTRAINT Link_Mitglied_Sportart_M_ID FOREIGN KEY (M_Id) REFERENCES Mitglied (M_Id),
	CONSTRAINT Link_Mitglied_Sportart_S_ID FOREIGN KEY (Sport_ID) REFERENCES Sportart (Sport_ID)
)ENGINE=InnoDB DEFAULT CHARSET=latin1 COLLATE latin1_german1_ci;


INSERT INTO Ort (Ort_Id, PLZ, Ort) VALUES (1, '85368', 'Brugschlag');
INSERT INTO Ort (Ort_Id, PLZ, Ort) VALUES (2, '85405', 'Nandlstadt');
INSERT INTO Ort (Ort_Id, PLZ, Ort) VALUES (3, '85395', 'Attenkirchen');
INSERT INTO Ort (Ort_Id, PLZ, Ort) VALUES (4, '85402', 'Kranzberg');
INSERT INTO Ort (Ort_Id, PLZ, Ort) VALUES (5, '85395', 'Wolfersdorf');
INSERT INTO Ort (Ort_Id, PLZ, Ort) VALUES (6, '85375', 'Neufarn');
INSERT INTO Ort (Ort_Id, PLZ, Ort) VALUES (7, '85414', 'Kirchdorf');
INSERT INTO Ort (Ort_Id, PLZ, Ort) VALUES (8, '84079', 'Bruckberg');
INSERT INTO Ort (Ort_Id, PLZ, Ort) VALUES (9, '85406', 'Zolling');
INSERT INTO Ort (Ort_Id, PLZ, Ort) VALUES (10, '85368', 'Moosburg');
INSERT INTO Ort (Ort_Id, PLZ, Ort) VALUES (11, '85408', 'Daberg');
INSERT INTO Ort (Ort_Id, PLZ, Ort) VALUES (12, '85419', 'Mauern');
INSERT INTO Ort (Ort_Id, PLZ, Ort) VALUES (13, '85391', 'Allershausen');
INSERT INTO Ort (Ort_Id, PLZ, Ort) VALUES (14, '85368', 'Wang');
INSERT INTO Ort (Ort_Id, PLZ, Ort) VALUES (15, '85399', 'Halbergmoos');
INSERT INTO Ort (Ort_Id, PLZ, Ort) VALUES (16, '85416', 'Langenbach');
INSERT INTO Ort (Ort_Id, PLZ, Ort) VALUES (17, '85408', 'Gammelsdorf');
INSERT INTO Ort (Ort_Id, PLZ, Ort) VALUES (18, '85417', 'Marzling');
INSERT INTO Ort (Ort_Id, PLZ, Ort) VALUES (19, '85413', 'Hörgertshausen');
INSERT INTO Ort (Ort_Id, PLZ, Ort) VALUES (20, '85410', 'Haag');
INSERT INTO Ort (Ort_Id, PLZ, Ort) VALUES (21, '86150', 'Augsburg');
INSERT INTO Ort (Ort_Id, PLZ, Ort) VALUES (22, '86159', 'Augsburg');
INSERT INTO Ort (Ort_Id, PLZ, Ort) VALUES (23, '86161', 'Augsburg');
INSERT INTO Ort (Ort_Id, PLZ, Ort) VALUES (24, '86343', 'Königsbrunn');
INSERT INTO Ort (Ort_Id, PLZ, Ort) VALUES (25, '86399', 'Bobingen');
INSERT INTO Ort (Ort_Id, PLZ, Ort) VALUES (26, '86179', 'Augsburg');
INSERT INTO Ort (Ort_Id, PLZ, Ort) VALUES (27, '89404', 'Dillingen');
INSERT INTO Ort (Ort_Id, PLZ, Ort) VALUES (28, '81739', 'München');
INSERT INTO Ort (Ort_Id, PLZ, Ort) VALUES (29, '86830', 'Schwabmünchen');

INSERT INTO Mitglied (M_Id, Vorname, Nachname, Geburtsdatum, Geschlecht, Strasse, Ort_Id, Tel, Eintrittsdatum) VALUES (1, 'Hans', 'Huber', STR_TO_DATE('03,12,1981','%m,%d,%Y'), 'm', 'Postweg 12', 23, '08XBG - AB C0 01', STR_TO_DATE('03,08,1999','%m,%d,%Y'));
INSERT INTO Mitglied (M_Id, Vorname, Nachname, Geburtsdatum, Geschlecht, Strasse, Ort_Id, Tel, Eintrittsdatum) VALUES (2, 'Klaus', 'Maier', STR_TO_DATE('02,20,1982','%m,%d,%Y'), 'm', 'Gartenweg 2', 2, '08XND - AB 02', STR_TO_DATE('02,16,2000','%m,%d,%Y'));
INSERT INTO Mitglied (M_Id, Vorname, Nachname, Geburtsdatum, Geschlecht, Strasse, Ort_Id, Tel, Eintrittsdatum) VALUES (3, 'Inge', 'Schmidt', STR_TO_DATE('08,03,1987','%m,%d,%Y'), 'w', 'Hauptstr. 1', 5, '08XWO - AB C0 03', STR_TO_DATE('07,29,2005','%m,%d,%Y'));
INSERT INTO Mitglied (M_Id, Vorname, Nachname, Geburtsdatum, Geschlecht, Strasse, Ort_Id, Tel, Eintrittsdatum) VALUES (4, 'Anita', 'Klaubmann', STR_TO_DATE('06,01,1980','%m,%d,%Y'), 'w', 'Graben 22', 4, '08XKR - AB 04', STR_TO_DATE('05,28,1998','%m,%d,%Y'));
INSERT INTO Mitglied (M_Id, Vorname, Nachname, Geburtsdatum, Geschlecht, Strasse, Ort_Id, Tel, Eintrittsdatum) VALUES (5, 'Julia', 'Berger', STR_TO_DATE('12,11,1982','%m,%d,%Y'), 'w', 'Fischerweg 22', 3, '08XAT - AB C0 05', STR_TO_DATE('12,06,2000','%m,%d,%Y'));
INSERT INTO Mitglied (M_Id, Vorname, Nachname, Geburtsdatum, Geschlecht, Strasse, Ort_Id, Tel, Eintrittsdatum) VALUES (6, 'Otto', 'Fischer', STR_TO_DATE('07,18,1980','%m,%d,%Y'), 'm', 'Karlweg 123', 6, '08XNF - AB 06', STR_TO_DATE('07,14,1998','%m,%d,%Y'));
INSERT INTO Mitglied (M_Id, Vorname, Nachname, Geburtsdatum, Geschlecht, Strasse, Ort_Id, Tel, Eintrittsdatum) VALUES (7, 'Peter', 'Hutmann', STR_TO_DATE('01,07,1984','%m,%d,%Y'), 'm', 'Ottostr. 17', 7, '08XKI - AB C0 07', STR_TO_DATE('01,02,2002','%m,%d,%Y'));
INSERT INTO Mitglied (M_Id, Vorname, Nachname, Geburtsdatum, Geschlecht, Strasse, Ort_Id, Tel, Eintrittsdatum) VALUES (8, 'Vera', 'Köhler', STR_TO_DATE('12,07,1983','%m,%d,%Y'), 'w', 'Ring 99', 8, '08XBG - AB 08', STR_TO_DATE('12,02,2001','%m,%d,%Y'));
INSERT INTO Mitglied (M_Id, Vorname, Nachname, Geburtsdatum, Geschlecht, Strasse, Ort_Id, Tel, Eintrittsdatum) VALUES (9, 'Manuela', 'Fiedmann', STR_TO_DATE('02,02,1986','%m,%d,%Y'), 'w', 'Bahnhofplatz 23', 9, '08XZO - AB C0 09', STR_TO_DATE('01,29,2004','%m,%d,%Y'));
INSERT INTO Mitglied (M_Id, Vorname, Nachname, Geburtsdatum, Geschlecht, Strasse, Ort_Id, Tel, Eintrittsdatum) VALUES (10, 'Walter', 'Fildler', STR_TO_DATE('08,09,1981','%m,%d,%Y'), 'm', 'Lindenweg 87', 14, '08XWG - AB 10', STR_TO_DATE('08,05,1999','%m,%d,%Y'));
INSERT INTO Mitglied (M_Id, Vorname, Nachname, Geburtsdatum, Geschlecht, Strasse, Ort_Id, Tel, Eintrittsdatum) VALUES (11, 'Ulrich', 'Becker', STR_TO_DATE('12,23,1984','%m,%d,%Y'), 'm', 'Maxweg 14', 17, '08XGD - AB C0 11', STR_TO_DATE('12,19,2002','%m,%d,%Y'));
INSERT INTO Mitglied (M_Id, Vorname, Nachname, Geburtsdatum, Geschlecht, Strasse, Ort_Id, Tel, Eintrittsdatum) VALUES (12, 'Petra', 'Müller', STR_TO_DATE('05,12,1983','%m,%d,%Y'), 'w', 'Hutterstr. 33', 12, '08XMN - AB 12', STR_TO_DATE('05,07,2001','%m,%d,%Y'));
INSERT INTO Mitglied (M_Id, Vorname, Nachname, Geburtsdatum, Geschlecht, Strasse, Ort_Id, Tel, Eintrittsdatum) VALUES (13, 'Karl', 'Seifert', STR_TO_DATE('06,23,1980','%m,%d,%Y'), 'm', 'Winterweg 12', 13, '08XAL - AB C0 13', STR_TO_DATE('06,19,1998','%m,%d,%Y'));
INSERT INTO Mitglied (M_Id, Vorname, Nachname, Geburtsdatum, Geschlecht, Strasse, Ort_Id, Tel, Eintrittsdatum) VALUES (14, 'Friedrich', 'Klein', STR_TO_DATE('04,26,1985','%m,%d,%Y'), 'm', 'Hirtensteig 23', 10, '08XMB - AB 14', STR_TO_DATE('04,22,2003','%m,%d,%Y'));
INSERT INTO Mitglied (M_Id, Vorname, Nachname, Geburtsdatum, Geschlecht, Strasse, Ort_Id, Tel, Eintrittsdatum) VALUES (15, 'Maria', 'Brucker', STR_TO_DATE('11,30,1986','%m,%d,%Y'), 'w', 'Winkelstraße 233', 15, '08XHM - AB 15', STR_TO_DATE('11,25,2004','%m,%d,%Y'));
INSERT INTO Mitglied (M_Id, Vorname, Nachname, Geburtsdatum, Geschlecht, Strasse, Ort_Id, Tel, Eintrittsdatum) VALUES (16, 'Josef', 'Groß', STR_TO_DATE('10,23,1987','%m,%d,%Y'), 'm', 'Hafenstraße 7', 16, '08XLG - AB 16', STR_TO_DATE('10,18,2005','%m,%d,%Y'));
INSERT INTO Mitglied (M_Id, Vorname, Nachname, Geburtsdatum, Geschlecht, Strasse, Ort_Id, Tel, Eintrittsdatum) VALUES (17, 'Georg', 'Frohmann', STR_TO_DATE('09,29,1982','%m,%d,%Y'), 'm', 'Meierweg 99', 11, '08XDB - AB C0 17', STR_TO_DATE('09,24,2000','%m,%d,%Y'));
INSERT INTO Mitglied (M_Id, Vorname, Nachname, Geburtsdatum, Geschlecht, Strasse, Ort_Id, Tel, Eintrittsdatum) VALUES (18, 'Sieglinde', 'Liebel', STR_TO_DATE('06,11,1986','%m,%d,%Y'), 'w', 'Grubenstr. 33', 18, '08XMZ - AB 18', STR_TO_DATE('06,06,2004','%m,%d,%Y'));
INSERT INTO Mitglied (M_Id, Vorname, Nachname, Geburtsdatum, Geschlecht, Strasse, Ort_Id, Tel, Eintrittsdatum) VALUES (19, 'Susanne', 'Glotz', STR_TO_DATE('12,01,1983','%m,%d,%Y'), 'w', 'Leibnitz Str. 22', 19, '08XHÖ - AB C0 19', STR_TO_DATE('11,26,2001','%m,%d,%Y'));
INSERT INTO Mitglied (M_Id, Vorname, Nachname, Geburtsdatum, Geschlecht, Strasse, Ort_Id, Tel, Eintrittsdatum) VALUES (20, 'Martin', 'Glanzmann', STR_TO_DATE('10,22,1985','%m,%d,%Y'), 'm', 'Fußweg 33', 20, '08XHG - AB 20', STR_TO_DATE('10,18,2003','%m,%d,%Y'));
INSERT INTO Mitglied (M_Id, Vorname, Nachname, Geburtsdatum, Geschlecht, Strasse, Ort_Id, Tel, Eintrittsdatum) VALUES (21, 'Pumuckl', 'Malefiz', STR_TO_DATE('08,27,1982','%m,%d,%Y'), 'm', 'Poststr. 4', 2, '08XND - AB 21', STR_TO_DATE('08,22,2000','%m,%d,%Y'));
INSERT INTO Mitglied (M_Id, Vorname, Nachname, Geburtsdatum, Geschlecht, Strasse, Ort_Id, Tel, Eintrittsdatum) VALUES (22, 'Eder', 'Meister', STR_TO_DATE('11,11,1985','%m,%d,%Y'), 'm', 'Poststr. 6', 2, '08XND - AB C0 22', STR_TO_DATE('11,07,2003','%m,%d,%Y'));
INSERT INTO Mitglied (M_Id, Vorname, Nachname, Geburtsdatum, Geschlecht, Strasse, Ort_Id, Tel, Eintrittsdatum) VALUES (23, 'Andreas', 'Sebald', STR_TO_DATE('05,23,1963','%m,%d,%Y'), 'm', 'Freiburgerstr. 3', 24, '08XKÖ - AB C0 23', STR_TO_DATE('05,18,1981','%m,%d,%Y'));
INSERT INTO Mitglied (M_Id, Vorname, Nachname, Geburtsdatum, Geschlecht, Strasse, Ort_Id, Tel, Eintrittsdatum) VALUES (24, 'Martina', 'Kirchner', STR_TO_DATE('07,14,1965','%m,%d,%Y'), 'w', 'Dieselstraße 27', 21, '08XA - AB C0 24', STR_TO_DATE('07,10,1983','%m,%d,%Y'));
INSERT INTO Mitglied (M_Id, Vorname, Nachname, Geburtsdatum, Geschlecht, Strasse, Ort_Id, Tel, Eintrittsdatum) VALUES (25, 'Karl-Heinz', 'Seefried', STR_TO_DATE('04,12,1959','%m,%d,%Y'), 'm', 'Hubertusstr. 5', 24, '08XKÖ - AB C0 25', STR_TO_DATE('04,07,1977','%m,%d,%Y'));
INSERT INTO Mitglied (M_Id, Vorname, Nachname, Geburtsdatum, Geschlecht, Strasse, Ort_Id, Tel, Eintrittsdatum) VALUES (26, 'Elfriede', 'Schneider', STR_TO_DATE('05,13,1941','%m,%d,%Y'), 'w', 'Richard-Strauß-Str. 17', 22, '08XA - AB C0 26', STR_TO_DATE('05,09,1959','%m,%d,%Y'));
INSERT INTO Mitglied (M_Id, Vorname, Nachname, Geburtsdatum, Geschlecht, Strasse, Ort_Id, Tel, Eintrittsdatum) VALUES (27, 'Eva', 'Birkner', STR_TO_DATE('10,07,1979','%m,%d,%Y'), 'w', 'Eulenhorst 7a', 24, '08XKÖ - AB 27', STR_TO_DATE('10,02,1997','%m,%d,%Y'));
INSERT INTO Mitglied (M_Id, Vorname, Nachname, Geburtsdatum, Geschlecht, Strasse, Ort_Id, Tel, Eintrittsdatum) VALUES (28, 'Erika', 'Niederlechner', STR_TO_DATE('11,12,1956','%m,%d,%Y'), 'w', 'Leipzigerstr. 93', 24, '08XKÖ - AB C0 28', STR_TO_DATE('11,08,1974','%m,%d,%Y'));
INSERT INTO Mitglied (M_Id, Vorname, Nachname, Geburtsdatum, Geschlecht, Strasse, Ort_Id, Tel, Eintrittsdatum) VALUES (29, 'Winfried', 'Zach', STR_TO_DATE('05,01,1981','%m,%d,%Y'), 'm', 'Keltenstr. 7', 23, '08XA - AB C0 29', STR_TO_DATE('04,27,1999','%m,%d,%Y'));
INSERT INTO Mitglied (M_Id, Vorname, Nachname, Geburtsdatum, Geschlecht, Strasse, Ort_Id, Tel, Eintrittsdatum) VALUES (30, 'Jürgen', 'Mayer', STR_TO_DATE('07,13,1955','%m,%d,%Y'), 'm', 'Alpenstr. 49', 22, '08XA - AB C0 300', STR_TO_DATE('07,08,1973','%m,%d,%Y'));
INSERT INTO Mitglied (M_Id, Vorname, Nachname, Geburtsdatum, Geschlecht, Strasse, Ort_Id, Tel, Eintrittsdatum) VALUES (31, 'Anton', 'Ebert', STR_TO_DATE('05,12,1939','%m,%d,%Y'), 'm', 'Keltenstr. 22', 24, '08XKÖ - AB 31', STR_TO_DATE('05,07,1957','%m,%d,%Y'));
INSERT INTO Mitglied (M_Id, Vorname, Nachname, Geburtsdatum, Geschlecht, Strasse, Ort_Id, Tel, Eintrittsdatum) VALUES (32, 'Elisabeth', 'Hintermayer', STR_TO_DATE('06,03,1954','%m,%d,%Y'), 'w', 'Hauptstraße 12', 24, '08XKÖ - AB C0 321', STR_TO_DATE('05,29,1972','%m,%d,%Y'));
INSERT INTO Mitglied (M_Id, Vorname, Nachname, Geburtsdatum, Geschlecht, Strasse, Ort_Id, Tel, Eintrittsdatum) VALUES (33, 'Markus', 'Engelhardt', STR_TO_DATE('07,01,1976','%m,%d,%Y'), 'm', 'Von-Richthofen-Str. 1', 22, '08XA - AB C0 33', STR_TO_DATE('06,27,1994','%m,%d,%Y'));
INSERT INTO Mitglied (M_Id, Vorname, Nachname, Geburtsdatum, Geschlecht, Strasse, Ort_Id, Tel, Eintrittsdatum) VALUES (34, 'Winfried', 'Ulmann', STR_TO_DATE('06,23,1969','%m,%d,%Y'), 'm', 'Kneipstr. 23', 24, '08XKÖ - AB C0 345', STR_TO_DATE('06,19,1987','%m,%d,%Y'));
INSERT INTO Mitglied (M_Id, Vorname, Nachname, Geburtsdatum, Geschlecht, Strasse, Ort_Id, Tel, Eintrittsdatum) VALUES (35, 'Josephine', 'Reissner', STR_TO_DATE('12,11,1963','%m,%d,%Y'), 'w', 'Fichtenstraße 27', 21, '08XA - AB C0 35', STR_TO_DATE('12,06,1981','%m,%d,%Y'));
INSERT INTO Mitglied (M_Id, Vorname, Nachname, Geburtsdatum, Geschlecht, Strasse, Ort_Id, Tel, Eintrittsdatum) VALUES (36, 'Christine', 'Wohlhüter', STR_TO_DATE('05,04,1975','%m,%d,%Y'), 'w', 'Am Bahnhof 2a', 24, '08XKÖ - AB 36', STR_TO_DATE('04,29,1993','%m,%d,%Y'));
INSERT INTO Mitglied (M_Id, Vorname, Nachname, Geburtsdatum, Geschlecht, Strasse, Ort_Id, Tel, Eintrittsdatum) VALUES (37, 'Irmgard', 'Deichsel', STR_TO_DATE('09,03,1942','%m,%d,%Y'), 'w', 'Eppanerstr. 3', 24, '08XKÖ - AB C0 347', STR_TO_DATE('08,29,1960','%m,%d,%Y'));
INSERT INTO Mitglied (M_Id, Vorname, Nachname, Geburtsdatum, Geschlecht, Strasse, Ort_Id, Tel, Eintrittsdatum) VALUES (38, 'Richard', 'Tuschler', STR_TO_DATE('10,05,1972','%m,%d,%Y'), 'm', 'Untere Laube 13', 22, '08XA - AB C0 38', STR_TO_DATE('10,01,1990','%m,%d,%Y'));
INSERT INTO Mitglied (M_Id, Vorname, Nachname, Geburtsdatum, Geschlecht, Strasse, Ort_Id, Tel, Eintrittsdatum) VALUES (39, 'Gabriele', 'Oswald', STR_TO_DATE('04,30,1966','%m,%d,%Y'), 'w', 'Brahmsstr. 57', 24, '08XKÖ - AB C0 39', STR_TO_DATE('04,25,1984','%m,%d,%Y'));
INSERT INTO Mitglied (M_Id, Vorname, Nachname, Geburtsdatum, Geschlecht, Strasse, Ort_Id, Tel, Eintrittsdatum) VALUES (40, 'Gerhard', 'Hubich', STR_TO_DATE('10,20,1959','%m,%d,%Y'), 'm', 'Teichweg 11', 23, '08XA - AB C0 40', STR_TO_DATE('10,15,1977','%m,%d,%Y'));
INSERT INTO Mitglied (M_Id, Vorname, Nachname, Geburtsdatum, Geschlecht, Strasse, Ort_Id, Tel, Eintrittsdatum) VALUES (41, 'Irene', 'Pohlmann', STR_TO_DATE('02,02,1962','%m,%d,%Y'), 'w', 'Promenadenweg 33', 24, '08XKÖ - AB C0 41', STR_TO_DATE('01,29,1980','%m,%d,%Y'));
INSERT INTO Mitglied (M_Id, Vorname, Nachname, Geburtsdatum, Geschlecht, Strasse, Ort_Id, Tel, Eintrittsdatum) VALUES (42, 'Markus', 'Lechner', STR_TO_DATE('07,23,1970','%m,%d,%Y'), 'm', 'Weidenstraße 27', 24, '08XKÖ - AB 42', STR_TO_DATE('07,18,1988','%m,%d,%Y'));
INSERT INTO Mitglied (M_Id, Vorname, Nachname, Geburtsdatum, Geschlecht, Strasse, Ort_Id, Tel, Eintrittsdatum) VALUES (43, 'Klaus', 'Bach', STR_TO_DATE('10,01,1981','%m,%d,%Y'), 'm', 'Lechallee 5', 25, '08XBO - AB 49', STR_TO_DATE('09,27,1999','%m,%d,%Y'));
INSERT INTO Mitglied (M_Id, Vorname, Nachname, Geburtsdatum, Geschlecht, Strasse, Ort_Id, Tel, Eintrittsdatum) VALUES (44, 'Maria', 'Kunst', STR_TO_DATE('06,19,1981','%m,%d,%Y'), 'w', 'Am Ende 2', 15, '08XHM - AB 44', STR_TO_DATE('06,15,1999','%m,%d,%Y'));
INSERT INTO Mitglied (M_Id, Vorname, Nachname, Geburtsdatum, Geschlecht, Strasse, Ort_Id, Tel, Eintrittsdatum) VALUES (45, 'Peter', 'Fluß', STR_TO_DATE('05,17,1981','%m,%d,%Y'), 'm', 'Benz Str. 27', 19, '08XHÖ - AB 45', STR_TO_DATE('05,13,1999','%m,%d,%Y'));
INSERT INTO Mitglied (M_Id, Vorname, Nachname, Geburtsdatum, Geschlecht, Strasse, Ort_Id, Tel, Eintrittsdatum) VALUES (46, 'Dieter', 'Strom', STR_TO_DATE('01,19,1981','%m,%d,%Y'), 'm', 'Kirchstr. 17', 11, '08XDB - AB C0 46', STR_TO_DATE('01,15,1999','%m,%d,%Y'));
INSERT INTO Mitglied (M_Id, Vorname, Nachname, Geburtsdatum, Geschlecht, Strasse, Ort_Id, Tel, Eintrittsdatum) VALUES (47, 'Marianne', 'See', STR_TO_DATE('01,31,1980','%m,%d,%Y'), 'w', 'Fichtenweg 16', 10, '08XMB - AB C0 47', STR_TO_DATE('01,26,1998','%m,%d,%Y'));
INSERT INTO Mitglied (M_Id, Vorname, Nachname, Geburtsdatum, Geschlecht, Strasse, Ort_Id, Tel, Eintrittsdatum) VALUES (48, 'Rosa', 'Himmel', STR_TO_DATE('03,16,1981','%m,%d,%Y'), 'w', 'Hechtweg 1', 8, '08XBK - AB 48', STR_TO_DATE('03,12,1999','%m,%d,%Y'));
INSERT INTO Mitglied (M_Id, Vorname, Nachname, Geburtsdatum, Geschlecht, Strasse, Ort_Id, Tel, Eintrittsdatum) VALUES (49, 'Josef', 'Bach', STR_TO_DATE('12,30,1980','%m,%d,%Y'), 'm', 'Lechallee 5', 25, '08XBO - AB 49', STR_TO_DATE('12,26,1998','%m,%d,%Y'));
INSERT INTO Mitglied (M_Id, Vorname, Nachname, Geburtsdatum, Geschlecht, Strasse, Ort_Id, Tel, Eintrittsdatum) VALUES (50, 'Werner', 'Weiher', STR_TO_DATE('12,15,1979','%m,%d,%Y'), 'm', 'Waldweg 3', 17, '08XGD - AB C0 50', STR_TO_DATE('12,10,1997','%m,%d,%Y'));
INSERT INTO Mitglied (M_Id, Vorname, Nachname, Geburtsdatum, Geschlecht, Strasse, Ort_Id, Tel, Eintrittsdatum) VALUES (51, 'Christina', 'Meer', STR_TO_DATE('08,28,1980','%m,%d,%Y'), 'w', 'Seestr. 45', 22, '08XA - AB C0 51', STR_TO_DATE('08,24,1998','%m,%d,%Y'));
INSERT INTO Mitglied (M_Id, Vorname, Nachname, Geburtsdatum, Geschlecht, Strasse, Ort_Id, Tel, Eintrittsdatum) VALUES (52, 'Maximilian', 'Altenburger', STR_TO_DATE('07,10,1980','%m,%d,%Y'), 'm', 'Forststr 45', 22, '08XA - AB C0 52', STR_TO_DATE('07,06,1998','%m,%d,%Y'));
INSERT INTO Mitglied (M_Id, Vorname, Nachname, Geburtsdatum, Geschlecht, Strasse, Ort_Id, Tel, Eintrittsdatum) VALUES (53, 'Willi', 'Bogner', STR_TO_DATE('04,19,1981','%m,%d,%Y'), 'm', 'Lechalle 34', 25, '08XBO - AB C0 53', STR_TO_DATE('04,15,1999','%m,%d,%Y'));
INSERT INTO Mitglied (M_Id, Vorname, Nachname, Geburtsdatum, Geschlecht, Strasse, Ort_Id, Tel, Eintrittsdatum) VALUES (54, 'Helmut', 'Braun', STR_TO_DATE('03,03,1980','%m,%d,%Y'), 'm', 'Illerstr. 4', 25, '08XBO - AB C0 54', STR_TO_DATE('02,27,1998','%m,%d,%Y'));
INSERT INTO Mitglied (M_Id, Vorname, Nachname, Geburtsdatum, Geschlecht, Strasse, Ort_Id, Tel, Eintrittsdatum) VALUES (55, 'Jasmin', 'Schwarz', STR_TO_DATE('09,03,1980','%m,%d,%Y'), 'w', 'Flussweg 7', 12, '08XMN - AB C0 55', STR_TO_DATE('08,30,1998','%m,%d,%Y'));
INSERT INTO Mitglied (M_Id, Vorname, Nachname, Geburtsdatum, Geschlecht, Strasse, Ort_Id, Tel, Eintrittsdatum) VALUES (56, 'Albertine', 'Weiß', STR_TO_DATE('10,25,1982','%m,%d,%Y'), 'w', 'Blumenweg 8', 18, '08XMZ - AB C0 56', STR_TO_DATE('10,20,2000','%m,%d,%Y'));
INSERT INTO Mitglied (M_Id, Vorname, Nachname, Geburtsdatum, Geschlecht, Strasse, Ort_Id, Tel, Eintrittsdatum) VALUES (57, 'Wolfgang', 'Bochtler', STR_TO_DATE('06,30,1981','%m,%d,%Y'), 'm', 'Goethe Str. 54', 24, '08XKÖ - AB C0 57', STR_TO_DATE('06,26,1999','%m,%d,%Y'));
INSERT INTO Mitglied (M_Id, Vorname, Nachname, Geburtsdatum, Geschlecht, Strasse, Ort_Id, Tel, Eintrittsdatum) VALUES (58, 'Albert', 'Fesl', STR_TO_DATE('08,31,1981','%m,%d,%Y'), 'm', 'Müllerweg 3', 11, '08XDB - AB C0 58', STR_TO_DATE('08,27,1999','%m,%d,%Y'));
INSERT INTO Mitglied (M_Id, Vorname, Nachname, Geburtsdatum, Geschlecht, Strasse, Ort_Id, Tel, Eintrittsdatum) VALUES (59, 'Gerd', 'Schmitz', STR_TO_DATE('06,18,1981','%m,%d,%Y'), 'm', 'Bachweg 1', 2, '08XND - AB C0 59', STR_TO_DATE('06,14,1999','%m,%d,%Y'));
INSERT INTO Mitglied (M_Id, Vorname, Nachname, Geburtsdatum, Geschlecht, Strasse, Ort_Id, Tel, Eintrittsdatum) VALUES (60, 'Stefan', 'Zorn', STR_TO_DATE('11,15,1980','%m,%d,%Y'), 'm', 'Nebenstr. 3', 20, '08XHG - AB C0 60', STR_TO_DATE('11,11,1998','%m,%d,%Y'));
INSERT INTO Mitglied (M_Id, Vorname, Nachname, Geburtsdatum, Geschlecht, Strasse, Ort_Id, Tel, Eintrittsdatum) VALUES (61, 'Ulrike', 'Amann', STR_TO_DATE('09,22,1980','%m,%d,%Y'), 'w', 'Wertachstr. 10', 25, '08XBO - AB C0 61', STR_TO_DATE('09,18,1998','%m,%d,%Y'));
INSERT INTO Mitglied (M_Id, Vorname, Nachname, Geburtsdatum, Geschlecht, Strasse, Ort_Id, Tel, Eintrittsdatum) VALUES (62, 'Claudia', 'Späth', STR_TO_DATE('01,17,1980','%m,%d,%Y'), 'w', 'Bayernweg 1', 3, '08XAT - AB C0 62', STR_TO_DATE('01,12,1998','%m,%d,%Y'));
INSERT INTO Mitglied (M_Id, Vorname, Nachname, Geburtsdatum, Geschlecht, Strasse, Ort_Id, Tel, Eintrittsdatum) VALUES (63, 'Bernd', 'Hecht', STR_TO_DATE('08,27,1981','%m,%d,%Y'), 'm', 'Karpfenstr. 3', 5, '08XWO - AB 63', STR_TO_DATE('08,23,1999','%m,%d,%Y'));
INSERT INTO Mitglied (M_Id, Vorname, Nachname, Geburtsdatum, Geschlecht, Strasse, Ort_Id, Tel, Eintrittsdatum) VALUES (64, 'Günther', 'Stein', STR_TO_DATE('01,22,1980','%m,%d,%Y'), 'm', 'Pfarrweg 3', 7, '08XKI - AB C0 64', STR_TO_DATE('01,17,1998','%m,%d,%Y'));
INSERT INTO Mitglied (M_Id, Vorname, Nachname, Geburtsdatum, Geschlecht, Strasse, Ort_Id, Tel, Eintrittsdatum) VALUES (65, 'Hans', 'Schmitz', STR_TO_DATE('07,07,1981','%m,%d,%Y'), 'm', 'Flussweg 3', 12, '08XMN - AB C0 65', STR_TO_DATE('07,03,1999','%m,%d,%Y'));
INSERT INTO Mitglied (M_Id, Vorname, Nachname, Geburtsdatum, Geschlecht, Strasse, Ort_Id, Tel, Eintrittsdatum) VALUES (66, 'Tobias', 'Sirch', STR_TO_DATE('11,29,1980','%m,%d,%Y'), 'm', 'Blumenweg 4', 1, '08XBG - AB 66', STR_TO_DATE('11,25,1998','%m,%d,%Y'));
INSERT INTO Mitglied (M_Id, Vorname, Nachname, Geburtsdatum, Geschlecht, Strasse, Ort_Id, Tel, Eintrittsdatum) VALUES (67, 'Volker', 'Schäfer', STR_TO_DATE('08,10,1981','%m,%d,%Y'), 'm', 'Nebenstr. 3', 14, '08XWG - AB C0 67', STR_TO_DATE('08,06,1999','%m,%d,%Y'));
INSERT INTO Mitglied (M_Id, Vorname, Nachname, Geburtsdatum, Geschlecht, Strasse, Ort_Id, Tel, Eintrittsdatum) VALUES (68, 'Florian', 'Bauer', STR_TO_DATE('07,07,1981','%m,%d,%Y'), 'm', 'Robert Koch Str. 8', 24, '08XKÖ - AB C0 68', STR_TO_DATE('07,03,1999','%m,%d,%Y'));
INSERT INTO Mitglied (M_Id, Vorname, Nachname, Geburtsdatum, Geschlecht, Strasse, Ort_Id, Tel, Eintrittsdatum) VALUES (69, 'Martina', 'Meier', STR_TO_DATE('06,25,1981','%m,%d,%Y'), 'w', 'Seestr. 40', 22, '08XA - AB C0 69', STR_TO_DATE('06,21,1999','%m,%d,%Y'));
INSERT INTO Mitglied (M_Id, Vorname, Nachname, Geburtsdatum, Geschlecht, Strasse, Ort_Id, Tel, Eintrittsdatum) VALUES (70, 'Silvia', 'Achter', STR_TO_DATE('09,27,1980','%m,%d,%Y'), 'w', 'Wertachstr. 20', 25, '08XBO - AB 70', STR_TO_DATE('09,23,1998','%m,%d,%Y'));
INSERT INTO Mitglied (M_Id, Vorname, Nachname, Geburtsdatum, Geschlecht, Strasse, Ort_Id, Tel, Eintrittsdatum) VALUES (71, 'Andrea', 'Eder', STR_TO_DATE('07,06,1981','%m,%d,%Y'), 'w', 'Leibnitz Str. 16', 19, '08XHÖ - AB 71', STR_TO_DATE('07,02,1999','%m,%d,%Y'));
INSERT INTO Mitglied (M_Id, Vorname, Nachname, Geburtsdatum, Geschlecht, Strasse, Ort_Id, Tel, Eintrittsdatum) VALUES (72, 'Maria', 'Huber', STR_TO_DATE('11,24,1980','%m,%d,%Y'), 'w', 'Bachweg 5', 13, '08XAL - AB 72', STR_TO_DATE('11,20,1998','%m,%d,%Y'));
INSERT INTO Mitglied (M_Id, Vorname, Nachname, Geburtsdatum, Geschlecht, Strasse, Ort_Id, Tel, Eintrittsdatum) VALUES (73, 'Albert', 'Loy', STR_TO_DATE('05,15,1981','%m,%d,%Y'), 'm', 'Auweg 12', 15, '08XHM - AB C0 73', STR_TO_DATE('05,11,1999','%m,%d,%Y'));
INSERT INTO Mitglied (M_Id, Vorname, Nachname, Geburtsdatum, Geschlecht, Strasse, Ort_Id, Tel, Eintrittsdatum) VALUES (74, 'Lena', 'Hauser', STR_TO_DATE('09,11,1980','%m,%d,%Y'), 'w', 'Ottostr. 10', 7, '08XKI - AB 74', STR_TO_DATE('09,07,1998','%m,%d,%Y'));
INSERT INTO Mitglied (M_Id, Vorname, Nachname, Geburtsdatum, Geschlecht, Strasse, Ort_Id, Tel, Eintrittsdatum) VALUES (75, 'Wolfgang', 'Bayer', STR_TO_DATE('10,25,1980','%m,%d,%Y'), 'm', 'Stefan Zeig Str 7a', 23, '08XA - AB C0 75', STR_TO_DATE('10,21,1998','%m,%d,%Y'));
INSERT INTO Mitglied (M_Id, Vorname, Nachname, Geburtsdatum, Geschlecht, Strasse, Ort_Id, Tel, Eintrittsdatum) VALUES (76, 'Susanne', 'Biller', STR_TO_DATE('06,25,1981','%m,%d,%Y'), 'w', 'Jahnstr. 12', 22, '08XA - AB C0 76', STR_TO_DATE('06,21,1999','%m,%d,%Y'));
INSERT INTO Mitglied (M_Id, Vorname, Nachname, Geburtsdatum, Geschlecht, Strasse, Ort_Id, Tel, Eintrittsdatum) VALUES (77, 'Lisa', 'Klein', STR_TO_DATE('09,26,1980','%m,%d,%Y'), 'w', 'Auweg 3', 15, '08XHM - AB 77', STR_TO_DATE('09,22,1998','%m,%d,%Y'));
INSERT INTO Mitglied (M_Id, Vorname, Nachname, Geburtsdatum, Geschlecht, Strasse, Ort_Id, Tel, Eintrittsdatum) VALUES (78, 'Klaus', 'Lutz', STR_TO_DATE('02,27,1980','%m,%d,%Y'), 'm', 'Alte Strasse 13', 21, '08XA - AB C0 78', STR_TO_DATE('02,22,1998','%m,%d,%Y'));
INSERT INTO Mitglied (M_Id, Vorname, Nachname, Geburtsdatum, Geschlecht, Strasse, Ort_Id, Tel, Eintrittsdatum) VALUES (79, 'Petra', 'Renz', STR_TO_DATE('09,08,1980','%m,%d,%Y'), 'w', 'Auweg 7', 3, '08XAT - AB 79', STR_TO_DATE('09,04,1998','%m,%d,%Y'));
INSERT INTO Mitglied (M_Id, Vorname, Nachname, Geburtsdatum, Geschlecht, Strasse, Ort_Id, Tel, Eintrittsdatum) VALUES (80, 'Stefan', 'Ott', STR_TO_DATE('03,26,1981','%m,%d,%Y'), 'm', 'Werachstr. 12', 25, '08XBO - AB C0 80', STR_TO_DATE('03,22,1999','%m,%d,%Y'));
INSERT INTO Mitglied (M_Id, Vorname, Nachname, Geburtsdatum, Geschlecht, Strasse, Ort_Id, Tel, Eintrittsdatum) VALUES (81, 'Gertraud', 'Reim', STR_TO_DATE('08,27,1981','%m,%d,%Y'), 'w', 'Donaustr 25', 25, '08XBO - AB C0 81', STR_TO_DATE('08,23,1999','%m,%d,%Y'));
INSERT INTO Mitglied (M_Id, Vorname, Nachname, Geburtsdatum, Geschlecht, Strasse, Ort_Id, Tel, Eintrittsdatum) VALUES (82, 'Karl', 'Richter', STR_TO_DATE('10,26,1980','%m,%d,%Y'), 'm', 'Postweg 5', 4, '08XKR - AB 82', STR_TO_DATE('10,22,1998','%m,%d,%Y'));
INSERT INTO Mitglied (M_Id, Vorname, Nachname, Geburtsdatum, Geschlecht, Strasse, Ort_Id, Tel, Eintrittsdatum) VALUES (83, 'Dieter', 'Schuster', STR_TO_DATE('12,13,1980','%m,%d,%Y'), 'm', 'Tannenweg 5', 6, '08XNF - AB C0 83', STR_TO_DATE('12,09,1998','%m,%d,%Y'));
INSERT INTO Mitglied (M_Id, Vorname, Nachname, Geburtsdatum, Geschlecht, Strasse, Ort_Id, Tel, Eintrittsdatum) VALUES (84, 'Manfred', 'Pfeifer', STR_TO_DATE('03,11,1981','%m,%d,%Y'), 'm', 'Illerstr 15', 25, '08XBO - AB C0 84', STR_TO_DATE('03,07,1999','%m,%d,%Y'));
INSERT INTO Mitglied (M_Id, Vorname, Nachname, Geburtsdatum, Geschlecht, Strasse, Ort_Id, Tel, Eintrittsdatum) VALUES (85, 'Helga', 'Ruf', STR_TO_DATE('05,03,1981','%m,%d,%Y'), 'w', 'Regenstr. 8', 25, '08XBO - AB C0 85', STR_TO_DATE('04,29,1999','%m,%d,%Y'));
INSERT INTO Mitglied (M_Id, Vorname, Nachname, Geburtsdatum, Geschlecht, Strasse, Ort_Id, Tel, Eintrittsdatum) VALUES (86, 'Arno', 'Ritzer', STR_TO_DATE('10,16,1980','%m,%d,%Y'), 'm', 'Postweg 7', 4, '08XKR - AB C0 86', STR_TO_DATE('10,12,1998','%m,%d,%Y'));
INSERT INTO Mitglied (M_Id, Vorname, Nachname, Geburtsdatum, Geschlecht, Strasse, Ort_Id, Tel, Eintrittsdatum) VALUES (87, 'Elise', 'Ruile', STR_TO_DATE('11,11,1980','%m,%d,%Y'), 'w', 'Fuchsweg 1', 5, '08XWO - AB C0 87', STR_TO_DATE('11,07,1998','%m,%d,%Y'));
INSERT INTO Mitglied (M_Id, Vorname, Nachname, Geburtsdatum, Geschlecht, Strasse, Ort_Id, Tel, Eintrittsdatum) VALUES (88, 'Rainer', 'Kraus', STR_TO_DATE('09,07,1980','%m,%d,%Y'), 'm', 'Am Anfang 1', 16, '08XLG - AB C0 88', STR_TO_DATE('09,03,1998','%m,%d,%Y'));
INSERT INTO Mitglied (M_Id, Vorname, Nachname, Geburtsdatum, Geschlecht, Strasse, Ort_Id, Tel, Eintrittsdatum) VALUES (89, 'Holger', 'Frisch', STR_TO_DATE('12,19,1980','%m,%d,%Y'), 'm', 'Bahnstr. 8', 16, '08XLG - AB 89', STR_TO_DATE('12,15,1998','%m,%d,%Y'));
INSERT INTO Mitglied (M_Id, Vorname, Nachname, Geburtsdatum, Geschlecht, Strasse, Ort_Id, Tel, Eintrittsdatum) VALUES (90, 'Peter', 'Lang', STR_TO_DATE('08,23,1981','%m,%d,%Y'), 'm', 'Wiesenstr. 14', 20, '08XHG - AB C0 90', STR_TO_DATE('08,19,1999','%m,%d,%Y'));
INSERT INTO Mitglied (M_Id, Vorname, Nachname, Geburtsdatum, Geschlecht, Strasse, Ort_Id, Tel, Eintrittsdatum) VALUES (91, 'Petra', 'Kurz', STR_TO_DATE('03,05,1981','%m,%d,%Y'), 'w', 'Hippieweg 3', 17, '08XGD - AB C0 91', STR_TO_DATE('03,01,1999','%m,%d,%Y'));
INSERT INTO Mitglied (M_Id, Vorname, Nachname, Geburtsdatum, Geschlecht, Strasse, Ort_Id, Tel, Eintrittsdatum) VALUES (92, 'Magdalena', 'Hübsch', STR_TO_DATE('10,28,1986','%m,%d,%Y'), 'w', 'Gartenstr. 5', 25, '08XBO - AB C0 92', STR_TO_DATE('10,23,2004','%m,%d,%Y'));
INSERT INTO Mitglied (M_Id, Vorname, Nachname, Geburtsdatum, Geschlecht, Strasse, Ort_Id, Tel, Eintrittsdatum) VALUES (93, 'Dracula', 'Häßlich', STR_TO_DATE('02,03,1987','%m,%d,%Y'), 'm', 'Ludwigstr. 5', 7, '08XKI - AB 93', STR_TO_DATE('01,29,2005','%m,%d,%Y'));
INSERT INTO Mitglied (M_Id, Vorname, Nachname, Geburtsdatum, Geschlecht, Strasse, Ort_Id, Tel, Eintrittsdatum) VALUES (94, 'Lena', 'Schön', STR_TO_DATE('03,28,1987','%m,%d,%Y'), 'w', 'Tannenweg 3', 6, '08XNF - AB C0 94', STR_TO_DATE('03,23,2005','%m,%d,%Y'));
INSERT INTO Mitglied (M_Id, Vorname, Nachname, Geburtsdatum, Geschlecht, Strasse, Ort_Id, Tel, Eintrittsdatum) VALUES (95, 'Klaus', 'Furz', STR_TO_DATE('10,29,1986','%m,%d,%Y'), 'm', 'Bahnhofstr. 8', 25, '08XBO - AB C0 95', STR_TO_DATE('10,24,2004','%m,%d,%Y'));
INSERT INTO Mitglied (M_Id, Vorname, Nachname, Geburtsdatum, Geschlecht, Strasse, Ort_Id, Tel, Eintrittsdatum) VALUES (96, 'Sepp', 'Anfang', STR_TO_DATE('07,28,1987','%m,%d,%Y'), 'm', 'Fuggerstr. 8', 24, '08XKÖ - AB 96', STR_TO_DATE('07,23,2005','%m,%d,%Y'));
INSERT INTO Mitglied (M_Id, Vorname, Nachname, Geburtsdatum, Geschlecht, Strasse, Ort_Id, Tel, Eintrittsdatum) VALUES (97, 'Günter', 'Ende', STR_TO_DATE('07,30,1987','%m,%d,%Y'), 'm', 'Inninger Str. 25', 22, '08XA - AB C0 97', STR_TO_DATE('07,25,2005','%m,%d,%Y'));
INSERT INTO Mitglied (M_Id, Vorname, Nachname, Geburtsdatum, Geschlecht, Strasse, Ort_Id, Tel, Eintrittsdatum) VALUES (98, 'Karl', 'Mitte', STR_TO_DATE('08,06,1987','%m,%d,%Y'), 'm', 'Donaustr. 36', 25, '08XBO - AB C0 98', STR_TO_DATE('08,01,2005','%m,%d,%Y'));
INSERT INTO Mitglied (M_Id, Vorname, Nachname, Geburtsdatum, Geschlecht, Strasse, Ort_Id, Tel, Eintrittsdatum) VALUES (99, 'Gerda', 'Eins', STR_TO_DATE('07,28,1987','%m,%d,%Y'), 'w', 'Fußweg 27', 20, '08XHG - AB 99', STR_TO_DATE('07,23,2005','%m,%d,%Y'));
INSERT INTO Mitglied (M_Id, Vorname, Nachname, Geburtsdatum, Geschlecht, Strasse, Ort_Id, Tel, Eintrittsdatum) VALUES (100, 'Hans', 'Letzt', STR_TO_DATE('08,22,1986','%m,%d,%Y'), 'm', 'Weg 6', 19, '08XHÖ - AB C1 00', STR_TO_DATE('08,17,2004','%m,%d,%Y'));
INSERT INTO Mitglied (M_Id, Vorname, Nachname, Geburtsdatum, Geschlecht, Strasse, Ort_Id, Tel, Eintrittsdatum) VALUES (101, 'Geraldine', 'Huber', STR_TO_DATE('03,29,1987','%m,%d,%Y'), 'w', 'Poststr. 2', 10, '08XMB - AB C1 01', STR_TO_DATE('03,24,2005','%m,%d,%Y'));
INSERT INTO Mitglied (M_Id, Vorname, Nachname, Geburtsdatum, Geschlecht, Strasse, Ort_Id, Tel, Eintrittsdatum) VALUES (102, 'Daniela', 'Meier', STR_TO_DATE('11,11,1986','%m,%d,%Y'), 'w', 'Seestr. 40', 22, '08XA - AB C0 69', STR_TO_DATE('11,06,2004','%m,%d,%Y'));
INSERT INTO Mitglied (M_Id, Vorname, Nachname, Geburtsdatum, Geschlecht, Strasse, Ort_Id, Tel, Eintrittsdatum) VALUES (103, 'Traudl', 'Mayr', STR_TO_DATE('05,31,1987','%m,%d,%Y'), 'w', 'Poststr. 11', 21, '08XA - AB C1 03', STR_TO_DATE('05,26,2005','%m,%d,%Y'));
INSERT INTO Mitglied (M_Id, Vorname, Nachname, Geburtsdatum, Geschlecht, Strasse, Ort_Id, Tel, Eintrittsdatum) VALUES (104, 'Josef', 'Huber', STR_TO_DATE('03,29,1987','%m,%d,%Y'), 'm', 'Bachweg 5', 13, '08XAL - AB 72', STR_TO_DATE('03,24,2005','%m,%d,%Y'));
INSERT INTO Mitglied (M_Id, Vorname, Nachname, Geburtsdatum, Geschlecht, Strasse, Ort_Id, Tel, Eintrittsdatum) VALUES (105, 'Heinz', 'Mai', STR_TO_DATE('11,16,1986','%m,%d,%Y'), 'm', 'Hutterstr. 17', 12, '08XMN - AB 05', STR_TO_DATE('11,11,2004','%m,%d,%Y'));
INSERT INTO Mitglied (M_Id, Vorname, Nachname, Geburtsdatum, Geschlecht, Strasse, Ort_Id, Tel, Eintrittsdatum) VALUES (106, 'Bernd', 'Meyer', STR_TO_DATE('05,22,1987','%m,%d,%Y'), 'm', 'Brahmsstr. 57', 24, '08XKÖ - AB C1 06', STR_TO_DATE('05,17,2005','%m,%d,%Y'));
INSERT INTO Mitglied (M_Id, Vorname, Nachname, Geburtsdatum, Geschlecht, Strasse, Ort_Id, Tel, Eintrittsdatum) VALUES (107, 'Martin', 'Neu', STR_TO_DATE('09,12,1986','%m,%d,%Y'), 'm', 'Auweg 14', 25, '08XBO - AB C1 07', STR_TO_DATE('09,07,2004','%m,%d,%Y'));
INSERT INTO Mitglied (M_Id, Vorname, Nachname, Geburtsdatum, Geschlecht, Strasse, Ort_Id, Tel, Eintrittsdatum) VALUES (108, 'Walter', 'Alt', STR_TO_DATE('08,25,1987','%m,%d,%Y'), 'm', 'Blumenweg 7', 25, '08XBO - AB C1 08', STR_TO_DATE('08,20,2005','%m,%d,%Y'));
INSERT INTO Mitglied (M_Id, Vorname, Nachname, Geburtsdatum, Geschlecht, Strasse, Ort_Id, Tel, Eintrittsdatum) VALUES (109, 'Jörg', 'Peters', STR_TO_DATE('11,22,1986','%m,%d,%Y'), 'm', 'Postweg 4', 4, '08XKR - AB C1 09', STR_TO_DATE('11,17,2004','%m,%d,%Y'));
INSERT INTO Mitglied (M_Id, Vorname, Nachname, Geburtsdatum, Geschlecht, Strasse, Ort_Id, Tel, Eintrittsdatum) VALUES (110, 'Walli', 'Peer', STR_TO_DATE('08,25,1986','%m,%d,%Y'), 'w', 'Auweg 3', 3, '08XAT - AB C1 10', STR_TO_DATE('08,20,2004','%m,%d,%Y'));
INSERT INTO Mitglied (M_Id, Vorname, Nachname, Geburtsdatum, Geschlecht, Strasse, Ort_Id, Tel, Eintrittsdatum) VALUES (111, 'Manfred', 'Renz', STR_TO_DATE('07,30,1987','%m,%d,%Y'), 'm', 'Isarstr. 17', 25, '08XBO - AB C1 11', STR_TO_DATE('07,25,2005','%m,%d,%Y'));
INSERT INTO Mitglied (M_Id, Vorname, Nachname, Geburtsdatum, Geschlecht, Strasse, Ort_Id, Tel, Eintrittsdatum) VALUES (112, 'Vreni', 'Benz', STR_TO_DATE('06,19,1987','%m,%d,%Y'), 'w', 'Gartenweg 2', 1, '08XBG - AB 12', STR_TO_DATE('06,14,2005','%m,%d,%Y'));
INSERT INTO Mitglied (M_Id, Vorname, Nachname, Geburtsdatum, Geschlecht, Strasse, Ort_Id, Tel, Eintrittsdatum) VALUES (113, 'Mercedes', 'Daimler', STR_TO_DATE('03,31,1987','%m,%d,%Y'), 'w', 'Lindenweg 52', 14, '08XWG - AB 13', STR_TO_DATE('03,26,2005','%m,%d,%Y'));
INSERT INTO Mitglied (M_Id, Vorname, Nachname, Geburtsdatum, Geschlecht, Strasse, Ort_Id, Tel, Eintrittsdatum) VALUES (114, 'Otto', 'Diesel', STR_TO_DATE('07,16,1987','%m,%d,%Y'), 'm', 'Karlweg 99', 6, '08XNF - AB C1 14', STR_TO_DATE('07,11,2005','%m,%d,%Y'));
INSERT INTO Mitglied (M_Id, Vorname, Nachname, Geburtsdatum, Geschlecht, Strasse, Ort_Id, Tel, Eintrittsdatum) VALUES (115, 'Ottilie', 'Motor', STR_TO_DATE('02,12,1987','%m,%d,%Y'), 'w', 'Benz Str. 1', 21, '08XA - AB C1 15', STR_TO_DATE('02,07,2005','%m,%d,%Y'));
INSERT INTO Mitglied (M_Id, Vorname, Nachname, Geburtsdatum, Geschlecht, Strasse, Ort_Id, Tel, Eintrittsdatum) VALUES (116, 'Franz', 'Stecker', STR_TO_DATE('12,19,1986','%m,%d,%Y'), 'm', 'Donauweg 3', 13, '08XAL - AB C1 16', STR_TO_DATE('12,14,2004','%m,%d,%Y'));
INSERT INTO Mitglied (M_Id, Vorname, Nachname, Geburtsdatum, Geschlecht, Strasse, Ort_Id, Tel, Eintrittsdatum) VALUES (117, 'Calda', 'Winter', STR_TO_DATE('05,19,1987','%m,%d,%Y'), 'w', 'Haupstr. 17', 16, '08XLG - AB C1 17', STR_TO_DATE('05,14,2005','%m,%d,%Y'));
INSERT INTO Mitglied (M_Id, Vorname, Nachname, Geburtsdatum, Geschlecht, Strasse, Ort_Id, Tel, Eintrittsdatum) VALUES (118, 'Werner', 'Sommer', STR_TO_DATE('03,25,1987','%m,%d,%Y'), 'm', 'Gartenstr. 23', 8, '08XBK - AB 18', STR_TO_DATE('03,20,2005','%m,%d,%Y'));
INSERT INTO Mitglied (M_Id, Vorname, Nachname, Geburtsdatum, Geschlecht, Strasse, Ort_Id, Tel, Eintrittsdatum) VALUES (119, 'Walter', 'Braun', STR_TO_DATE('02,22,1987','%m,%d,%Y'), 'm', 'Bahnhofplatz 12', 9, '08XZO - AB 19', STR_TO_DATE('02,17,2005','%m,%d,%Y'));
INSERT INTO Mitglied (M_Id, Vorname, Nachname, Geburtsdatum, Geschlecht, Strasse, Ort_Id, Tel, Eintrittsdatum) VALUES (120, 'Klaus', 'Fromm', STR_TO_DATE('10,29,1986','%m,%d,%Y'), 'm', 'Hauptstr. 123', 24, '08XKÖ - AB 20', STR_TO_DATE('10,24,2004','%m,%d,%Y'));
INSERT INTO Mitglied (M_Id, Vorname, Nachname, Geburtsdatum, Geschlecht, Strasse, Ort_Id, Tel, Eintrittsdatum) VALUES (121, 'Christa', 'Träumer', STR_TO_DATE('02,04,1987','%m,%d,%Y'), 'w', 'Kirchstr. 21', 11, '08XDB - AB C1 21', STR_TO_DATE('01,30,2005','%m,%d,%Y'));
INSERT INTO Mitglied (M_Id, Vorname, Nachname, Geburtsdatum, Geschlecht, Strasse, Ort_Id, Tel, Eintrittsdatum) VALUES (122, 'Thea', 'Biermann', STR_TO_DATE('03,29,1987','%m,%d,%Y'), 'w', 'Auweg 9', 24, '08XKÖ - AB C1 22', STR_TO_DATE('03,24,2005','%m,%d,%Y'));
INSERT INTO Mitglied (M_Id, Vorname, Nachname, Geburtsdatum, Geschlecht, Strasse, Ort_Id, Tel, Eintrittsdatum) VALUES (123, 'Helmut', 'Mayer', STR_TO_DATE('10,30,1986','%m,%d,%Y'), 'm', 'Alpenstr. 49', 26, '08XA - AB C0 300', STR_TO_DATE('10,25,2004','%m,%d,%Y'));
INSERT INTO Mitglied (M_Id, Vorname, Nachname, Geburtsdatum, Geschlecht, Strasse, Ort_Id, Tel, Eintrittsdatum) VALUES (124, 'Maike', 'Bommer', STR_TO_DATE('07,29,1987','%m,%d,%Y'), 'w', 'Eppanerstr. 17', 24, '08XKÖ - AB 24', STR_TO_DATE('07,24,2005','%m,%d,%Y'));
INSERT INTO Mitglied (M_Id, Vorname, Nachname, Geburtsdatum, Geschlecht, Strasse, Ort_Id, Tel, Eintrittsdatum) VALUES (125, 'Kathrin', 'Altmann', STR_TO_DATE('07,31,1987','%m,%d,%Y'), 'w', 'Bachweg 7', 21, '08XA - AB C1 256', STR_TO_DATE('07,26,2005','%m,%d,%Y'));
INSERT INTO Mitglied (M_Id, Vorname, Nachname, Geburtsdatum, Geschlecht, Strasse, Ort_Id, Tel, Eintrittsdatum) VALUES (126, 'Karl', 'Neufrau', STR_TO_DATE('08,07,1987','%m,%d,%Y'), 'm', 'Poststr. 33', 22, '08XA - AB C1 26', STR_TO_DATE('08,02,2005','%m,%d,%Y'));
INSERT INTO Mitglied (M_Id, Vorname, Nachname, Geburtsdatum, Geschlecht, Strasse, Ort_Id, Tel, Eintrittsdatum) VALUES (127, 'Theodor', 'Weinfrau', STR_TO_DATE('07,29,1987','%m,%d,%Y'), 'm', 'Waldweg 5', 17, '08XGD - AB C1 27', STR_TO_DATE('07,24,2005','%m,%d,%Y'));
INSERT INTO Mitglied (M_Id, Vorname, Nachname, Geburtsdatum, Geschlecht, Strasse, Ort_Id, Tel, Eintrittsdatum) VALUES (128, 'Gunther', 'Durstig', STR_TO_DATE('08,23,1986','%m,%d,%Y'), 'm', 'Illerstr. 8', 25, '08XBO - AB C1 28', STR_TO_DATE('08,18,2004','%m,%d,%Y'));
INSERT INTO Mitglied (M_Id, Vorname, Nachname, Geburtsdatum, Geschlecht, Strasse, Ort_Id, Tel, Eintrittsdatum) VALUES (129, 'Gundula', 'Hungrig', STR_TO_DATE('03,30,1987','%m,%d,%Y'), 'w', 'Essenstr. 8', 14, '08XWG - AB C1 29', STR_TO_DATE('03,25,2005','%m,%d,%Y'));
INSERT INTO Mitglied (M_Id, Vorname, Nachname, Geburtsdatum, Geschlecht, Strasse, Ort_Id, Tel, Eintrittsdatum) VALUES (130, 'Maria', 'Windisch', STR_TO_DATE('11,12,1986','%m,%d,%Y'), 'w', 'Blumenweg 12', 18, '08XMZ - AB C1 30', STR_TO_DATE('11,07,2004','%m,%d,%Y'));
INSERT INTO Mitglied (M_Id, Vorname, Nachname, Geburtsdatum, Geschlecht, Strasse, Ort_Id, Tel, Eintrittsdatum) VALUES (131, 'Klaus', 'Maurer', STR_TO_DATE('06,01,1987','%m,%d,%Y'), 'm', 'Leipzigerstr. 80', 24, '08XKÖ - AB C1 31', STR_TO_DATE('05,27,2005','%m,%d,%Y'));
INSERT INTO Mitglied (M_Id, Vorname, Nachname, Geburtsdatum, Geschlecht, Strasse, Ort_Id, Tel, Eintrittsdatum) VALUES (132, 'Robert', 'Graf', STR_TO_DATE('03,30,1987','%m,%d,%Y'), 'm', 'Wertachstr. 27', 24, '08XKÖ - AB 32', STR_TO_DATE('03,25,2005','%m,%d,%Y'));
INSERT INTO Mitglied (M_Id, Vorname, Nachname, Geburtsdatum, Geschlecht, Strasse, Ort_Id, Tel, Eintrittsdatum) VALUES (133, 'Franz', 'Münzer', STR_TO_DATE('11,17,1986','%m,%d,%Y'), 'm', 'Ottostr. 13', 21, '08XA - AB C1 33', STR_TO_DATE('11,12,2004','%m,%d,%Y'));
INSERT INTO Mitglied (M_Id, Vorname, Nachname, Geburtsdatum, Geschlecht, Strasse, Ort_Id, Tel, Eintrittsdatum) VALUES (134, 'Anna', 'Ortmann', STR_TO_DATE('05,23,1987','%m,%d,%Y'), 'w', 'Tannenweg 17', 23, '08XA - AB C1 34', STR_TO_DATE('05,18,2005','%m,%d,%Y'));
INSERT INTO Mitglied (M_Id, Vorname, Nachname, Geburtsdatum, Geschlecht, Strasse, Ort_Id, Tel, Eintrittsdatum) VALUES (135, 'Georg', 'Hackl', STR_TO_DATE('09,13,1986','%m,%d,%Y'), 'm', 'Isarstr 8', 25, '08XBO - AB C1 35', STR_TO_DATE('09,08,2004','%m,%d,%Y'));
INSERT INTO Mitglied (M_Id, Vorname, Nachname, Geburtsdatum, Geschlecht, Strasse, Ort_Id, Tel, Eintrittsdatum) VALUES (136, 'Dieter', 'Nuller', STR_TO_DATE('08,26,1987','%m,%d,%Y'), 'm', 'Poststr. 23', 22, '08XA - AB C1 36', STR_TO_DATE('08,21,2005','%m,%d,%Y'));
INSERT INTO Mitglied (M_Id, Vorname, Nachname, Geburtsdatum, Geschlecht, Strasse, Ort_Id, Tel, Eintrittsdatum) VALUES (137, 'Rosa', 'Sachs', STR_TO_DATE('11,23,1986','%m,%d,%Y'), 'w', 'Hauptstr. 8', 5, '08XWO - AB C1 37', STR_TO_DATE('11,18,2004','%m,%d,%Y'));
INSERT INTO Mitglied (M_Id, Vorname, Nachname, Geburtsdatum, Geschlecht, Strasse, Ort_Id, Tel, Eintrittsdatum) VALUES (138, 'Peter', 'Sichermann', STR_TO_DATE('08,26,1986','%m,%d,%Y'), 'm', 'Blumenweg 3', 1, '08XBG - AB 38', STR_TO_DATE('08,21,2004','%m,%d,%Y'));
INSERT INTO Mitglied (M_Id, Vorname, Nachname, Geburtsdatum, Geschlecht, Strasse, Ort_Id, Tel, Eintrittsdatum) VALUES (139, 'Marianne', 'Groß', STR_TO_DATE('07,31,1987','%m,%d,%Y'), 'w', 'Teichweg 5', 23, '08XA - AB C1 39', STR_TO_DATE('07,26,2005','%m,%d,%Y'));
INSERT INTO Mitglied (M_Id, Vorname, Nachname, Geburtsdatum, Geschlecht, Strasse, Ort_Id, Tel, Eintrittsdatum) VALUES (140, 'Xaver', 'Mischer', STR_TO_DATE('06,20,1987','%m,%d,%Y'), 'm', 'Donaustr. 35', 25, '08XBO - AB C1 40', STR_TO_DATE('06,15,2005','%m,%d,%Y'));
INSERT INTO Mitglied (M_Id, Vorname, Nachname, Geburtsdatum, Geschlecht, Strasse, Ort_Id, Tel, Eintrittsdatum) VALUES (141, 'Ulf', 'Kellermann', STR_TO_DATE('04,01,1987','%m,%d,%Y'), 'm', 'Endenweg 8', 9, '08XZO - AB C1 41', STR_TO_DATE('03,27,2005','%m,%d,%Y'));
INSERT INTO Mitglied (M_Id, Vorname, Nachname, Geburtsdatum, Geschlecht, Strasse, Ort_Id, Tel, Eintrittsdatum) VALUES (142, 'Ulrike', 'Kellerfrau', STR_TO_DATE('07,17,1987','%m,%d,%Y'), 'w', 'Endeweg 6', 9, '08XZO - AB 42', STR_TO_DATE('07,12,2005','%m,%d,%Y'));
INSERT INTO Mitglied (M_Id, Vorname, Nachname, Geburtsdatum, Geschlecht, Strasse, Ort_Id, Tel, Eintrittsdatum) VALUES (143, 'Ute', 'Kindler', STR_TO_DATE('02,03,1987','%m,%d,%Y'), 'w', 'Grubenstr. 17', 18, '08XMZ - AB 43', STR_TO_DATE('01,29,2005','%m,%d,%Y'));
INSERT INTO Mitglied (M_Id, Vorname, Nachname, Geburtsdatum, Geschlecht, Strasse, Ort_Id, Tel, Eintrittsdatum) VALUES (144, 'Reinhard', 'Jeschke', STR_TO_DATE('12,20,1986','%m,%d,%Y'), 'm', 'Fichtenweg 17', 10, '08XMB - AB 44', STR_TO_DATE('12,15,2004','%m,%d,%Y'));
INSERT INTO Mitglied (M_Id, Vorname, Nachname, Geburtsdatum, Geschlecht, Strasse, Ort_Id, Tel, Eintrittsdatum) VALUES (145, 'Beate', 'Sonnig', STR_TO_DATE('05,20,1987','%m,%d,%Y'), 'w', 'Gartenstr. 24', 8, '08XBK - AB 45', STR_TO_DATE('05,15,2005','%m,%d,%Y'));
INSERT INTO Mitglied (M_Id, Vorname, Nachname, Geburtsdatum, Geschlecht, Strasse, Ort_Id, Tel, Eintrittsdatum) VALUES (146, 'Dieter', 'Frostig', STR_TO_DATE('03,26,1987','%m,%d,%Y'), 'm', 'Augsburger Str. 52', 25, '08XBO - AB C1 46', STR_TO_DATE('03,21,2005','%m,%d,%Y'));
INSERT INTO Mitglied (M_Id, Vorname, Nachname, Geburtsdatum, Geschlecht, Strasse, Ort_Id, Tel, Eintrittsdatum) VALUES (147, 'Rosa', 'Blumig', STR_TO_DATE('02,23,1987','%m,%d,%Y'), 'w', 'Eckstr. 23', 15, '08XHM - AB C1 47', STR_TO_DATE('02,18,2005','%m,%d,%Y'));
INSERT INTO Mitglied (M_Id, Vorname, Nachname, Geburtsdatum, Geschlecht, Strasse, Ort_Id, Tel, Eintrittsdatum) VALUES (148, 'Maria', 'Germania', STR_TO_DATE('10,27,1960','%m,%d,%Y'), 'w', 'Hauptstr. 56', 24, '08XKÖ - AB 48', STR_TO_DATE('10,23,1978','%m,%d,%Y'));
INSERT INTO Mitglied (M_Id, Vorname, Nachname, Geburtsdatum, Geschlecht, Strasse, Ort_Id, Tel, Eintrittsdatum) VALUES (149, 'Carl-Friedrich', 'Kalkulus', STR_TO_DATE('04,23,1990','%m,%d,%Y'), 'm', 'Benzstr. 23', 25, '08XBO - AB C1 49', STR_TO_DATE('04,18,2008','%m,%d,%Y'));
INSERT INTO Mitglied (M_Id, Vorname, Nachname, Geburtsdatum, Geschlecht, Strasse, Ort_Id, Tel, Eintrittsdatum) VALUES (150, 'Josef', 'Spieking', STR_TO_DATE('06,21,1990','%m,%d,%Y'), 'm', 'Sommerweg 3', 25, '08XBO - AB C1 50', STR_TO_DATE('06,16,2008','%m,%d,%Y'));
INSERT INTO Mitglied (M_Id, Vorname, Nachname, Geburtsdatum, Geschlecht, Strasse, Ort_Id, Tel, Eintrittsdatum) VALUES (151, 'Daniel', 'Tüftel', STR_TO_DATE('05,12,1990','%m,%d,%Y'), 'm', 'Herbststr. 2', 25, '08XBO - AB C1 51', STR_TO_DATE('05,07,2008','%m,%d,%Y'));
INSERT INTO Mitglied (M_Id, Vorname, Nachname, Geburtsdatum, Geschlecht, Strasse, Ort_Id, Tel, Eintrittsdatum) VALUES (152, 'Franz', 'Zähler', STR_TO_DATE('06,11,1990','%m,%d,%Y'), 'm', 'Hauptstr. 17', 24, '08XKÖ - AB C1 52', STR_TO_DATE('06,06,2008','%m,%d,%Y'));
INSERT INTO Mitglied (M_Id, Vorname, Nachname, Geburtsdatum, Geschlecht, Strasse, Ort_Id, Tel, Eintrittsdatum) VALUES (153, 'Marie', 'Nenner', STR_TO_DATE('03,01,1963','%m,%d,%Y'), 'w', 'Ottostr. 15', 21, '08XA - AB C1 53', STR_TO_DATE('02,24,1981','%m,%d,%Y'));
INSERT INTO Mitglied (M_Id, Vorname, Nachname, Geburtsdatum, Geschlecht, Strasse, Ort_Id, Tel, Eintrittsdatum) VALUES (154, 'Wolfgang', 'Goethschi', STR_TO_DATE('05,01,1990','%m,%d,%Y'), 'm', 'Dorfstr. 4', 25, '08XBO - AB C1 54', STR_TO_DATE('04,26,2008','%m,%d,%Y'));
INSERT INTO Mitglied (M_Id, Vorname, Nachname, Geburtsdatum, Geschlecht, Strasse, Ort_Id, Tel, Eintrittsdatum) VALUES (155, 'Eusebia', 'Bavaria', STR_TO_DATE('04,05,1967','%m,%d,%Y'), 'w', 'Gartenweg 1', 23, '08XA - AB C1 555', STR_TO_DATE('03,31,1985','%m,%d,%Y'));
INSERT INTO Mitglied (M_Id, Vorname, Nachname, Geburtsdatum, Geschlecht, Strasse, Ort_Id, Tel, Eintrittsdatum) VALUES (156, 'Klara', 'Hiermi', STR_TO_DATE('03,03,1966','%m,%d,%Y'), 'w', 'Blumenstr.24', 23, '08XA - AB C1 567', STR_TO_DATE('02,27,1984','%m,%d,%Y'));
INSERT INTO Mitglied (M_Id, Vorname, Nachname, Geburtsdatum, Geschlecht, Strasse, Ort_Id, Tel, Eintrittsdatum) VALUES (157, 'Rosemarie', 'Siemie', STR_TO_DATE('07,02,1965','%m,%d,%Y'), 'w', 'Herbststr. 23', 22, '08XA - AB C1 57', STR_TO_DATE('06,28,1983','%m,%d,%Y'));
INSERT INTO Mitglied (M_Id, Vorname, Nachname, Geburtsdatum, Geschlecht, Strasse, Ort_Id, Tel, Eintrittsdatum) VALUES (158, 'Hanna', 'Börse', STR_TO_DATE('08,07,1963','%m,%d,%Y'), 'w', 'Illerstr. 3', 25, '08XBO - AB C1 58', STR_TO_DATE('08,02,1981','%m,%d,%Y'));
INSERT INTO Mitglied (M_Id, Vorname, Nachname, Geburtsdatum, Geschlecht, Strasse, Ort_Id, Tel, Eintrittsdatum) VALUES (159, 'Klaus', 'Manny', STR_TO_DATE('03,02,1984','%m,%d,%Y'), 'm', 'Bildstr. 6', 25, '08XBO - AB C1 59', STR_TO_DATE('02,26,2002','%m,%d,%Y'));
INSERT INTO Mitglied (M_Id, Vorname, Nachname, Geburtsdatum, Geschlecht, Strasse, Ort_Id, Tel, Eintrittsdatum) VALUES (160, 'Hans', 'Käsch', STR_TO_DATE('05,04,1990','%m,%d,%Y'), 'm', 'Benzstr. 25', 25, '08XBO - AB C1 60', STR_TO_DATE('04,29,2008','%m,%d,%Y'));
INSERT INTO Mitglied (M_Id, Vorname, Nachname, Geburtsdatum, Geschlecht, Strasse, Ort_Id, Tel, Eintrittsdatum) VALUES (161, 'Jan', 'Spring', STR_TO_DATE('07,06,1990','%m,%d,%Y'), 'm', 'Winterweg 2', 25, '08XBO - AB C1 61', STR_TO_DATE('07,01,2008','%m,%d,%Y'));
INSERT INTO Mitglied (M_Id, Vorname, Nachname, Geburtsdatum, Geschlecht, Strasse, Ort_Id, Tel, Eintrittsdatum) VALUES (162, 'Johanna', 'Hüpf', STR_TO_DATE('09,05,1968','%m,%d,%Y'), 'w', 'Postweg 5', 22, '08XA - AB C1 62', STR_TO_DATE('09,01,1986','%m,%d,%Y'));
INSERT INTO Mitglied (M_Id, Vorname, Nachname, Geburtsdatum, Geschlecht, Strasse, Ort_Id, Tel, Eintrittsdatum) VALUES (163, 'Gustav', 'Überallem', STR_TO_DATE('08,27,1952','%m,%d,%Y'), 'm', 'Dieselstr. 1', 25, '08XBO - AB C1 63', STR_TO_DATE('08,23,1970','%m,%d,%Y'));
INSERT INTO Mitglied (M_Id, Vorname, Nachname, Geburtsdatum, Geschlecht, Strasse, Ort_Id, Tel, Eintrittsdatum) VALUES (164, 'Traugott', 'Glaube', STR_TO_DATE('08,08,1988','%m,%d,%Y'), 'm', 'Auweg 21', 25, '08XBO - AB C1 64', STR_TO_DATE('08,04,2006','%m,%d,%Y'));
INSERT INTO Mitglied (M_Id, Vorname, Nachname, Geburtsdatum, Geschlecht, Strasse, Ort_Id, Tel, Eintrittsdatum) VALUES (165, 'Gottfried', 'Bastel', STR_TO_DATE('07,07,1988','%m,%d,%Y'), 'm', 'Wertachstr. 44', 25, '08XBO - AB C1 65', STR_TO_DATE('07,03,2006','%m,%d,%Y'));
INSERT INTO Mitglied (M_Id, Vorname, Nachname, Geburtsdatum, Geschlecht, Strasse, Ort_Id, Tel, Eintrittsdatum) VALUES (166, 'Bastian', 'Strom', STR_TO_DATE('03,03,1988','%m,%d,%Y'), 'm', 'Blumenweg 12', 24, '08XKÖ - AB 66', STR_TO_DATE('02,27,2006','%m,%d,%Y'));
INSERT INTO Mitglied (M_Id, Vorname, Nachname, Geburtsdatum, Geschlecht, Strasse, Ort_Id, Tel, Eintrittsdatum) VALUES (167, 'Fridolin', 'Seel', STR_TO_DATE('05,04,1988','%m,%d,%Y'), 'm', 'Sommerweg 1', 25, '08XBO - AB C1 67', STR_TO_DATE('04,30,2006','%m,%d,%Y'));
INSERT INTO Mitglied (M_Id, Vorname, Nachname, Geburtsdatum, Geschlecht, Strasse, Ort_Id, Tel, Eintrittsdatum) VALUES (168, 'Eva', 'Blume', STR_TO_DATE('06,05,1980','%m,%d,%Y'), 'w', 'Stefan Zweig Str. 5', 23, '08XA - AB C1 68', STR_TO_DATE('06,01,1998','%m,%d,%Y'));
INSERT INTO Mitglied (M_Id, Vorname, Nachname, Geburtsdatum, Geschlecht, Strasse, Ort_Id, Tel, Eintrittsdatum) VALUES (169, 'Franz', 'Pinke', STR_TO_DATE('06,12,1988','%m,%d,%Y'), 'm', 'Uferstr. 2', 25, '08XBO - AB 70', STR_TO_DATE('06,08,2006','%m,%d,%Y'));
INSERT INTO Mitglied (M_Id, Vorname, Nachname, Geburtsdatum, Geschlecht, Strasse, Ort_Id, Tel, Eintrittsdatum) VALUES (170, 'Eva', 'Pinke', STR_TO_DATE('08,07,1980','%m,%d,%Y'), 'w', 'Uferstr. 2', 25, '08XBO - AB 70', STR_TO_DATE('08,03,1998','%m,%d,%Y'));
INSERT INTO Mitglied (M_Id, Vorname, Nachname, Geburtsdatum, Geschlecht, Strasse, Ort_Id, Tel, Eintrittsdatum) VALUES (171, 'Gerhard', 'Noir', STR_TO_DATE('04,25,1988','%m,%d,%Y'), 'm', 'Meerstr. 5', 25, '08XBO - AB C1 71', STR_TO_DATE('04,21,2006','%m,%d,%Y'));
INSERT INTO Mitglied (M_Id, Vorname, Nachname, Geburtsdatum, Geschlecht, Strasse, Ort_Id, Tel, Eintrittsdatum) VALUES (172, 'Gerda', 'Blanc', STR_TO_DATE('07,07,1977','%m,%d,%Y'), 'w', 'Gartenweg 3', 23, '08XA - AB C1 72', STR_TO_DATE('07,03,1995','%m,%d,%Y'));
INSERT INTO Mitglied (M_Id, Vorname, Nachname, Geburtsdatum, Geschlecht, Strasse, Ort_Id, Tel, Eintrittsdatum) VALUES (173, 'Ludwig', 'Maler', STR_TO_DATE('06,06,1988','%m,%d,%Y'), 'm', 'Bildstr. 12', 25, '08XBO - AB C1 73', STR_TO_DATE('06,02,2006','%m,%d,%Y'));
INSERT INTO Mitglied (M_Id, Vorname, Nachname, Geburtsdatum, Geschlecht, Strasse, Ort_Id, Tel, Eintrittsdatum) VALUES (174, 'Barbara', 'Palette', STR_TO_DATE('12,05,1975','%m,%d,%Y'), 'w', 'Waldweg 17', 21, '08XA - AB C1 74', STR_TO_DATE('11,30,1993','%m,%d,%Y'));
INSERT INTO Mitglied (M_Id, Vorname, Nachname, Geburtsdatum, Geschlecht, Strasse, Ort_Id, Tel, Eintrittsdatum) VALUES (175, 'Friedrich', 'Pinsel', STR_TO_DATE('09,03,1988','%m,%d,%Y'), 'm', 'Fuggerstr. 32', 24, '08XKÖ - AB 75', STR_TO_DATE('08,30,2006','%m,%d,%Y'));
INSERT INTO Mitglied (M_Id, Vorname, Nachname, Geburtsdatum, Geschlecht, Strasse, Ort_Id, Tel, Eintrittsdatum) VALUES (176, 'Edgar', 'Histoire', STR_TO_DATE('06,04,1988','%m,%d,%Y'), 'm', 'Dorfstr. 8', 25, '08XBO - AB 76', STR_TO_DATE('05,31,2006','%m,%d,%Y'));
INSERT INTO Mitglied (M_Id, Vorname, Nachname, Geburtsdatum, Geschlecht, Strasse, Ort_Id, Tel, Eintrittsdatum) VALUES (177, 'Werner', 'Genau', STR_TO_DATE('06,11,1990','%m,%d,%Y'), 'm', 'Fuggerstr. 29', 24, '08XKÖ - AB 77', STR_TO_DATE('06,06,2008','%m,%d,%Y'));
INSERT INTO Mitglied (M_Id, Vorname, Nachname, Geburtsdatum, Geschlecht, Strasse, Ort_Id, Tel, Eintrittsdatum) VALUES (178, 'Amadeus', 'Tralala', STR_TO_DATE('08,11,1963','%m,%d,%Y'), 'm', 'Fuggerstr. 36', 24, '08XKÖ - AB 78', STR_TO_DATE('08,06,1981','%m,%d,%Y'));
INSERT INTO Mitglied (M_Id, Vorname, Nachname, Geburtsdatum, Geschlecht, Strasse, Ort_Id, Tel, Eintrittsdatum) VALUES (179, 'Hans', 'Mayer', STR_TO_DATE('05,14,1984','%m,%d,%Y'), 'm', 'Alpenstr. 49', 22, '08XA - AB C0 300', STR_TO_DATE('05,10,2002','%m,%d,%Y'));
INSERT INTO Mitglied (M_Id, Vorname, Nachname, Geburtsdatum, Geschlecht, Strasse, Ort_Id, Tel, Eintrittsdatum) VALUES (180, 'Lena', 'Huber', STR_TO_DATE('04,30,1981','%m,%d,%Y'), 'w', 'Frischstr. 17', 26, '08XA - AB C1 80', STR_TO_DATE('04,26,1999','%m,%d,%Y'));
INSERT INTO Mitglied (M_Id, Vorname, Nachname, Geburtsdatum, Geschlecht, Strasse, Ort_Id, Tel, Eintrittsdatum) VALUES (181, 'Bettina', 'Blume', STR_TO_DATE('01,23,1982','%m,%d,%Y'), 'w', 'Hochstr. 30', 25, '08XBO - AB C1 81', STR_TO_DATE('01,19,2000','%m,%d,%Y'));
INSERT INTO Mitglied (M_Id, Vorname, Nachname, Geburtsdatum, Geschlecht, Strasse, Ort_Id, Tel, Eintrittsdatum) VALUES (182, 'Egon', 'Baum', STR_TO_DATE('06,12,1984','%m,%d,%Y'), 'm', 'Schertlinstr. 9', 26, '08XA - AB C1 82', STR_TO_DATE('06,08,2002','%m,%d,%Y'));
INSERT INTO Mitglied (M_Id, Vorname, Nachname, Geburtsdatum, Geschlecht, Strasse, Ort_Id, Tel, Eintrittsdatum) VALUES (183, 'Wilhelm', 'Busch', STR_TO_DATE('10,10,1983','%m,%d,%Y'), 'm', 'Bahnhofstr. 8', 26, '08XA - AB C1 83', STR_TO_DATE('10,05,2001','%m,%d,%Y'));
INSERT INTO Mitglied (M_Id, Vorname, Nachname, Geburtsdatum, Geschlecht, Strasse, Ort_Id, Tel, Eintrittsdatum) VALUES (184, 'Gertraud', 'Mathe', STR_TO_DATE('10,27,1963','%m,%d,%Y'), 'w', 'Wertachstr. 33', 25, '08XBO - AB 84', STR_TO_DATE('10,22,1981','%m,%d,%Y'));
INSERT INTO Mitglied (M_Id, Vorname, Nachname, Geburtsdatum, Geschlecht, Strasse, Ort_Id, Tel, Eintrittsdatum) VALUES (185, 'Karl', 'Malefiz', STR_TO_DATE('04,08,1984','%m,%d,%Y'), 'm', 'Poststr. 4', 2, '08XND - AB C1 85', STR_TO_DATE('04,04,2002','%m,%d,%Y'));
INSERT INTO Mitglied (M_Id, Vorname, Nachname, Geburtsdatum, Geschlecht, Strasse, Ort_Id, Tel, Eintrittsdatum) VALUES (186, 'Paul', 'Weis', STR_TO_DATE('06,06,1984','%m,%d,%Y'), 'm', 'Habsburgerstr. 4', 27, '09XDI - AB C1 21', STR_TO_DATE('06,02,2002','%m,%d,%Y'));
INSERT INTO Mitglied (M_Id, Vorname, Nachname, Geburtsdatum, Geschlecht, Strasse, Ort_Id, Tel, Eintrittsdatum) VALUES (187, 'Tobias', 'Kinler', STR_TO_DATE('07,10,1984','%m,%d,%Y'), 'm', 'Gustav-Heinemann-Ring 17', 28, '08X - ABC 12 888', STR_TO_DATE('07,06,2002','%m,%d,%Y'));
INSERT INTO Mitglied (M_Id, Vorname, Nachname, Geburtsdatum, Geschlecht, Strasse, Ort_Id, Tel, Eintrittsdatum) VALUES (188, 'Kilian', 'Mathe', STR_TO_DATE('10,24,1990','%m,%d,%Y'), 'm', 'Wertachstr. 33', 25, '08XBO - AB 84', STR_TO_DATE('10,19,2008','%m,%d,%Y'));
INSERT INTO Mitglied (M_Id, Vorname, Nachname, Geburtsdatum, Geschlecht, Strasse, Ort_Id, Tel, Eintrittsdatum) VALUES (189, 'Ute', 'Buche', STR_TO_DATE('04,04,1960','%m,%d,%Y'), 'w', 'Wertachstr. 41 A', 25, '08XBO - AB C1 89', STR_TO_DATE('03,31,1978','%m,%d,%Y'));
INSERT INTO Mitglied (M_Id, Vorname, Nachname, Geburtsdatum, Geschlecht, Strasse, Ort_Id, Tel, Eintrittsdatum) VALUES (190, 'Hans', 'Trux', STR_TO_DATE('05,04,1984','%m,%d,%Y'), 'm', 'Wertachstr. 36 A', 25, '08XBO - AB C1 90', STR_TO_DATE('04,30,2002','%m,%d,%Y'));
INSERT INTO Mitglied (M_Id, Vorname, Nachname, Geburtsdatum, Geschlecht, Strasse, Ort_Id, Tel, Eintrittsdatum) VALUES (191, 'Gerda', 'Bach', STR_TO_DATE('05,23,1958','%m,%d,%Y'), 'w', 'Lechalle 5', 25, '08XBO - AB 49', STR_TO_DATE('05,18,1976','%m,%d,%Y'));
INSERT INTO Mitglied (M_Id, Vorname, Nachname, Geburtsdatum, Geschlecht, Strasse, Ort_Id, Tel, Eintrittsdatum) VALUES (192, 'Wolfgang', 'Mathe', STR_TO_DATE('08,27,1960','%m,%d,%Y'), 'm', 'Wertachstr. 33', 25, '08XBO - AB 84', STR_TO_DATE('08,23,1978','%m,%d,%Y'));
INSERT INTO Mitglied (M_Id, Vorname, Nachname, Geburtsdatum, Geschlecht, Strasse, Ort_Id, Tel, Eintrittsdatum) VALUES (193, 'Magdalena', 'Mathe', STR_TO_DATE('06,11,1992','%m,%d,%Y'), 'w', 'Wertachstr. 33', 25, '08XBO - AB 84', STR_TO_DATE('06,07,2010','%m,%d,%Y'));
INSERT INTO Mitglied (M_Id, Vorname, Nachname, Geburtsdatum, Geschlecht, Strasse, Ort_Id, Tel, Eintrittsdatum) VALUES (195, 'Heinz', 'Bayerlein', STR_TO_DATE('09,21,1949','%m,%d,%Y'), 'm', 'Sollenberger Str. 11', 27, '09XDI - AB C2 345', STR_TO_DATE('09,17,1967','%m,%d,%Y'));
INSERT INTO Mitglied (M_Id, Vorname, Nachname, Geburtsdatum, Geschlecht, Strasse, Ort_Id, Tel, Eintrittsdatum) VALUES (198, 'Hubert', 'Kalusen', STR_TO_DATE('09,21,1975','%m,%d,%Y'), 'm', 'Sollenweg 3', 27, '09XDI - AB C3 45', STR_TO_DATE('09,16,1993','%m,%d,%Y'));
INSERT INTO Mitglied (M_Id, Vorname, Nachname, Geburtsdatum, Geschlecht, Strasse, Ort_Id, Tel, Eintrittsdatum) VALUES (199, 'Helmut', 'Schön', STR_TO_DATE('06,17,1948','%m,%d,%Y'), 'm', 'Sachsenring 5', 25, '08XBO - AB C1 96', STR_TO_DATE('06,13,1966','%m,%d,%Y'));
INSERT INTO Mitglied (M_Id, Vorname, Nachname, Geburtsdatum, Geschlecht, Strasse, Ort_Id, Tel, Eintrittsdatum) VALUES (200, 'Sepp', 'Maier', STR_TO_DATE('02,02,1950','%m,%d,%Y'), 'm', 'Bayernstr. 10', 24, '08XKÖ - AB C1 97', STR_TO_DATE('01,29,1968','%m,%d,%Y'));
INSERT INTO Mitglied (M_Id, Vorname, Nachname, Geburtsdatum, Geschlecht, Strasse, Ort_Id, Tel, Eintrittsdatum) VALUES (201, 'Heiner', 'Schustermann', STR_TO_DATE('05,01,1955','%m,%d,%Y'), 'm', 'Sachsenring 3', 25, '08XBO - AB C1 98', STR_TO_DATE('04,26,1973','%m,%d,%Y'));
INSERT INTO Mitglied (M_Id, Vorname, Nachname, Geburtsdatum, Geschlecht, Strasse, Ort_Id, Tel, Eintrittsdatum) VALUES (202, 'Detlev', 'Schrempp', STR_TO_DATE('04,03,1954','%m,%d,%Y'), 'm', 'Korbweg 24', 25, '08XBO - AB C1 99', STR_TO_DATE('03,29,1972','%m,%d,%Y'));
INSERT INTO Mitglied (M_Id, Vorname, Nachname, Geburtsdatum, Geschlecht, Strasse, Ort_Id, Tel, Eintrittsdatum) VALUES (203, 'Hashimoto', 'Tatami', STR_TO_DATE('07,06,1961','%m,%d,%Y'), 'm', 'Mattenweg 2', 13, '08XAL - AB C2 00', STR_TO_DATE('07,02,1979','%m,%d,%Y'));
INSERT INTO Mitglied (M_Id, Vorname, Nachname, Geburtsdatum, Geschlecht, Strasse, Ort_Id, Tel, Eintrittsdatum) VALUES (204, 'Xaver', 'Wiener', STR_TO_DATE('06,06,1969','%m,%d,%Y'), 'm', 'Händlmeierstraße 4', 19, '09XDI - AB C3 42', STR_TO_DATE('06,02,1987','%m,%d,%Y')); 

INSERT INTO Sportart (Sport_Id, Sportart, Beitrag) VALUES (1, 'Fußball', 150);
INSERT INTO Sportart (Sport_Id, Sportart, Beitrag) VALUES (2, 'Handball', 110);
INSERT INTO Sportart (Sport_Id, Sportart, Beitrag) VALUES (3, 'Turnen', 140);
INSERT INTO Sportart (Sport_Id, Sportart, Beitrag) VALUES (4, 'Schwimmen', 160);
INSERT INTO Sportart (Sport_Id, Sportart, Beitrag) VALUES (5, 'Boxen', 210);
INSERT INTO Sportart (Sport_Id, Sportart, Beitrag) VALUES (6, 'Ringen', 200);
INSERT INTO Sportart (Sport_Id, Sportart, Beitrag) VALUES (7, 'Basketball', 120);
INSERT INTO Sportart (Sport_Id, Sportart, Beitrag) VALUES (8, 'Judo', 240);
INSERT INTO Sportart (Sport_Id, Sportart, Beitrag) VALUES (9, 'Leichtathletik', 180);
INSERT INTO Sportart (Sport_Id, Sportart, Beitrag) VALUES (10, 'Volleyball', 240);
INSERT INTO Sportart (Sport_Id, Sportart, Beitrag) VALUES (11, 'Aerobic', 200);
INSERT INTO Sportart (Sport_Id, Sportart, Beitrag) VALUES (12, 'Badminton', 180);
INSERT INTO Sportart (Sport_Id, Sportart, Beitrag) VALUES (13, 'Tennis', 500);
INSERT INTO Sportart (Sport_Id, Sportart, Beitrag) VALUES (14, 'Parcour',350);

INSERT INTO Link_Mitglied_Sportart (M_Id, Sport_Id) VALUES (1, 1);
INSERT INTO Link_Mitglied_Sportart (M_Id, Sport_Id) VALUES (1, 4);
INSERT INTO Link_Mitglied_Sportart (M_Id, Sport_Id) VALUES (2, 1);
INSERT INTO Link_Mitglied_Sportart (M_Id, Sport_Id) VALUES (2, 4);
INSERT INTO Link_Mitglied_Sportart (M_Id, Sport_Id) VALUES (3, 2);
INSERT INTO Link_Mitglied_Sportart (M_Id, Sport_Id) VALUES (4, 2);
INSERT INTO Link_Mitglied_Sportart (M_Id, Sport_Id) VALUES (4, 4);
INSERT INTO Link_Mitglied_Sportart (M_Id, Sport_Id) VALUES (4, 9);
INSERT INTO Link_Mitglied_Sportart (M_Id, Sport_Id) VALUES (5, 2);
INSERT INTO Link_Mitglied_Sportart (M_Id, Sport_Id) VALUES (6, 1);
INSERT INTO Link_Mitglied_Sportart (M_Id, Sport_Id) VALUES (6, 4);
INSERT INTO Link_Mitglied_Sportart (M_Id, Sport_Id) VALUES (7, 1);
INSERT INTO Link_Mitglied_Sportart (M_Id, Sport_Id) VALUES (8, 1);
INSERT INTO Link_Mitglied_Sportart (M_Id, Sport_Id) VALUES (9, 2);
INSERT INTO Link_Mitglied_Sportart (M_Id, Sport_Id) VALUES (10, 2);
INSERT INTO Link_Mitglied_Sportart (M_Id, Sport_Id) VALUES (10, 4);
INSERT INTO Link_Mitglied_Sportart (M_Id, Sport_Id) VALUES (11, 2);
INSERT INTO Link_Mitglied_Sportart (M_Id, Sport_Id) VALUES (11, 4);
INSERT INTO Link_Mitglied_Sportart (M_Id, Sport_Id) VALUES (12, 1);
INSERT INTO Link_Mitglied_Sportart (M_Id, Sport_Id) VALUES (12, 4);
INSERT INTO Link_Mitglied_Sportart (M_Id, Sport_Id) VALUES (13, 1);
INSERT INTO Link_Mitglied_Sportart (M_Id, Sport_Id) VALUES (13, 4);
INSERT INTO Link_Mitglied_Sportart (M_Id, Sport_Id) VALUES (13, 9);
INSERT INTO Link_Mitglied_Sportart (M_Id, Sport_Id) VALUES (14, 2);
INSERT INTO Link_Mitglied_Sportart (M_Id, Sport_Id) VALUES (15, 1);
INSERT INTO Link_Mitglied_Sportart (M_Id, Sport_Id) VALUES (16, 1);
INSERT INTO Link_Mitglied_Sportart (M_Id, Sport_Id) VALUES (17, 1);
INSERT INTO Link_Mitglied_Sportart (M_Id, Sport_Id) VALUES (18, 2);
INSERT INTO Link_Mitglied_Sportart (M_Id, Sport_Id) VALUES (19, 2);
INSERT INTO Link_Mitglied_Sportart (M_Id, Sport_Id) VALUES (20, 1);
INSERT INTO Link_Mitglied_Sportart (M_Id, Sport_Id) VALUES (22, 1);
INSERT INTO Link_Mitglied_Sportart (M_Id, Sport_Id) VALUES (22, 10);
INSERT INTO Link_Mitglied_Sportart (M_Id, Sport_Id) VALUES (23, 3);
INSERT INTO Link_Mitglied_Sportart (M_Id, Sport_Id) VALUES (24, 3);
INSERT INTO Link_Mitglied_Sportart (M_Id, Sport_Id) VALUES (24, 11);
INSERT INTO Link_Mitglied_Sportart (M_Id, Sport_Id) VALUES (25, 3);
INSERT INTO Link_Mitglied_Sportart (M_Id, Sport_Id) VALUES (26, 3);
INSERT INTO Link_Mitglied_Sportart (M_Id, Sport_Id) VALUES (26, 4);
INSERT INTO Link_Mitglied_Sportart (M_Id, Sport_Id) VALUES (27, 3);
INSERT INTO Link_Mitglied_Sportart (M_Id, Sport_Id) VALUES (27, 9);
INSERT INTO Link_Mitglied_Sportart (M_Id, Sport_Id) VALUES (28, 7);
INSERT INTO Link_Mitglied_Sportart (M_Id, Sport_Id) VALUES (28, 11);
INSERT INTO Link_Mitglied_Sportart (M_Id, Sport_Id) VALUES (29, 4);
INSERT INTO Link_Mitglied_Sportart (M_Id, Sport_Id) VALUES (29, 10);
INSERT INTO Link_Mitglied_Sportart (M_Id, Sport_Id) VALUES (30, 3);
INSERT INTO Link_Mitglied_Sportart (M_Id, Sport_Id) VALUES (31, 3);
INSERT INTO Link_Mitglied_Sportart (M_Id, Sport_Id) VALUES (32, 3);
INSERT INTO Link_Mitglied_Sportart (M_Id, Sport_Id) VALUES (33, 3);
INSERT INTO Link_Mitglied_Sportart (M_Id, Sport_Id) VALUES (33, 9);
INSERT INTO Link_Mitglied_Sportart (M_Id, Sport_Id) VALUES (34, 1);
INSERT INTO Link_Mitglied_Sportart (M_Id, Sport_Id) VALUES (35, 11);
INSERT INTO Link_Mitglied_Sportart (M_Id, Sport_Id) VALUES (36, 3);
INSERT INTO Link_Mitglied_Sportart (M_Id, Sport_Id) VALUES (36, 9);
INSERT INTO Link_Mitglied_Sportart (M_Id, Sport_Id) VALUES (37, 3);
INSERT INTO Link_Mitglied_Sportart (M_Id, Sport_Id) VALUES (38, 9);
INSERT INTO Link_Mitglied_Sportart (M_Id, Sport_Id) VALUES (38, 10);
INSERT INTO Link_Mitglied_Sportart (M_Id, Sport_Id) VALUES (39, 3);
INSERT INTO Link_Mitglied_Sportart (M_Id, Sport_Id) VALUES (39, 11);
INSERT INTO Link_Mitglied_Sportart (M_Id, Sport_Id) VALUES (40, 1);
INSERT INTO Link_Mitglied_Sportart (M_Id, Sport_Id) VALUES (41, 3);
INSERT INTO Link_Mitglied_Sportart (M_Id, Sport_Id) VALUES (41, 11);
INSERT INTO Link_Mitglied_Sportart (M_Id, Sport_Id) VALUES (42, 3);
INSERT INTO Link_Mitglied_Sportart (M_Id, Sport_Id) VALUES (42, 9);
INSERT INTO Link_Mitglied_Sportart (M_Id, Sport_Id) VALUES (42, 10);
INSERT INTO Link_Mitglied_Sportart (M_Id, Sport_Id) VALUES (43, 1);
INSERT INTO Link_Mitglied_Sportart (M_Id, Sport_Id) VALUES (44, 2);
INSERT INTO Link_Mitglied_Sportart (M_Id, Sport_Id) VALUES (44, 9);
INSERT INTO Link_Mitglied_Sportart (M_Id, Sport_Id) VALUES (45, 1);
INSERT INTO Link_Mitglied_Sportart (M_Id, Sport_Id) VALUES (45, 9);
INSERT INTO Link_Mitglied_Sportart (M_Id, Sport_Id) VALUES (46, 1);
INSERT INTO Link_Mitglied_Sportart (M_Id, Sport_Id) VALUES (47, 4);
INSERT INTO Link_Mitglied_Sportart (M_Id, Sport_Id) VALUES (48, 8);
INSERT INTO Link_Mitglied_Sportart (M_Id, Sport_Id) VALUES (48, 9);
INSERT INTO Link_Mitglied_Sportart (M_Id, Sport_Id) VALUES (49, 1);
INSERT INTO Link_Mitglied_Sportart (M_Id, Sport_Id) VALUES (49, 2);
INSERT INTO Link_Mitglied_Sportart (M_Id, Sport_Id) VALUES (50, 1);
INSERT INTO Link_Mitglied_Sportart (M_Id, Sport_Id) VALUES (50, 8);
INSERT INTO Link_Mitglied_Sportart (M_Id, Sport_Id) VALUES (51, 4);
INSERT INTO Link_Mitglied_Sportart (M_Id, Sport_Id) VALUES (51, 10);
INSERT INTO Link_Mitglied_Sportart (M_Id, Sport_Id) VALUES (52, 1);
INSERT INTO Link_Mitglied_Sportart (M_Id, Sport_Id) VALUES (52, 8);
INSERT INTO Link_Mitglied_Sportart (M_Id, Sport_Id) VALUES (53, 1);
INSERT INTO Link_Mitglied_Sportart (M_Id, Sport_Id) VALUES (53, 2);
INSERT INTO Link_Mitglied_Sportart (M_Id, Sport_Id) VALUES (54, 1);
INSERT INTO Link_Mitglied_Sportart (M_Id, Sport_Id) VALUES (54, 8);
INSERT INTO Link_Mitglied_Sportart (M_Id, Sport_Id) VALUES (55, 4);
INSERT INTO Link_Mitglied_Sportart (M_Id, Sport_Id) VALUES (55, 10);
INSERT INTO Link_Mitglied_Sportart (M_Id, Sport_Id) VALUES (56, 3);
INSERT INTO Link_Mitglied_Sportart (M_Id, Sport_Id) VALUES (57, 1);
INSERT INTO Link_Mitglied_Sportart (M_Id, Sport_Id) VALUES (57, 7);
INSERT INTO Link_Mitglied_Sportart (M_Id, Sport_Id) VALUES (58, 1);
INSERT INTO Link_Mitglied_Sportart (M_Id, Sport_Id) VALUES (58, 7);
INSERT INTO Link_Mitglied_Sportart (M_Id, Sport_Id) VALUES (59, 1);
INSERT INTO Link_Mitglied_Sportart (M_Id, Sport_Id) VALUES (59, 9);
INSERT INTO Link_Mitglied_Sportart (M_Id, Sport_Id) VALUES (60, 1);
INSERT INTO Link_Mitglied_Sportart (M_Id, Sport_Id) VALUES (60, 7);
INSERT INTO Link_Mitglied_Sportart (M_Id, Sport_Id) VALUES (61, 4);
INSERT INTO Link_Mitglied_Sportart (M_Id, Sport_Id) VALUES (61, 11);
INSERT INTO Link_Mitglied_Sportart (M_Id, Sport_Id) VALUES (62, 4);
INSERT INTO Link_Mitglied_Sportart (M_Id, Sport_Id) VALUES (62, 11);
INSERT INTO Link_Mitglied_Sportart (M_Id, Sport_Id) VALUES (63, 1);
INSERT INTO Link_Mitglied_Sportart (M_Id, Sport_Id) VALUES (63, 4);
INSERT INTO Link_Mitglied_Sportart (M_Id, Sport_Id) VALUES (63, 10);
INSERT INTO Link_Mitglied_Sportart (M_Id, Sport_Id) VALUES (64, 1);
INSERT INTO Link_Mitglied_Sportart (M_Id, Sport_Id) VALUES (65, 1);
INSERT INTO Link_Mitglied_Sportart (M_Id, Sport_Id) VALUES (65, 2);
INSERT INTO Link_Mitglied_Sportart (M_Id, Sport_Id) VALUES (66, 1);
INSERT INTO Link_Mitglied_Sportart (M_Id, Sport_Id) VALUES (66, 2);
INSERT INTO Link_Mitglied_Sportart (M_Id, Sport_Id) VALUES (67, 1);
INSERT INTO Link_Mitglied_Sportart (M_Id, Sport_Id) VALUES (67, 2);
INSERT INTO Link_Mitglied_Sportart (M_Id, Sport_Id) VALUES (68, 1);
INSERT INTO Link_Mitglied_Sportart (M_Id, Sport_Id) VALUES (68, 7);
INSERT INTO Link_Mitglied_Sportart (M_Id, Sport_Id) VALUES (69, 9);
INSERT INTO Link_Mitglied_Sportart (M_Id, Sport_Id) VALUES (70, 7);
INSERT INTO Link_Mitglied_Sportart (M_Id, Sport_Id) VALUES (70, 10);
INSERT INTO Link_Mitglied_Sportart (M_Id, Sport_Id) VALUES (71, 9);
INSERT INTO Link_Mitglied_Sportart (M_Id, Sport_Id) VALUES (72, 2);
INSERT INTO Link_Mitglied_Sportart (M_Id, Sport_Id) VALUES (73, 1);
INSERT INTO Link_Mitglied_Sportart (M_Id, Sport_Id) VALUES (73, 7);
INSERT INTO Link_Mitglied_Sportart (M_Id, Sport_Id) VALUES (74, 4);
INSERT INTO Link_Mitglied_Sportart (M_Id, Sport_Id) VALUES (74, 8);
INSERT INTO Link_Mitglied_Sportart (M_Id, Sport_Id) VALUES (75, 1);
INSERT INTO Link_Mitglied_Sportart (M_Id, Sport_Id) VALUES (75, 7);
INSERT INTO Link_Mitglied_Sportart (M_Id, Sport_Id) VALUES (76, 9);
INSERT INTO Link_Mitglied_Sportart (M_Id, Sport_Id) VALUES (77, 4);
INSERT INTO Link_Mitglied_Sportart (M_Id, Sport_Id) VALUES (78, 1);
INSERT INTO Link_Mitglied_Sportart (M_Id, Sport_Id) VALUES (78, 8);
INSERT INTO Link_Mitglied_Sportart (M_Id, Sport_Id) VALUES (79, 4);
INSERT INTO Link_Mitglied_Sportart (M_Id, Sport_Id) VALUES (79, 10);
INSERT INTO Link_Mitglied_Sportart (M_Id, Sport_Id) VALUES (80, 1);
INSERT INTO Link_Mitglied_Sportart (M_Id, Sport_Id) VALUES (80, 7);
INSERT INTO Link_Mitglied_Sportart (M_Id, Sport_Id) VALUES (81, 4);
INSERT INTO Link_Mitglied_Sportart (M_Id, Sport_Id) VALUES (82, 1);
INSERT INTO Link_Mitglied_Sportart (M_Id, Sport_Id) VALUES (82, 7);
INSERT INTO Link_Mitglied_Sportart (M_Id, Sport_Id) VALUES (83, 1);
INSERT INTO Link_Mitglied_Sportart (M_Id, Sport_Id) VALUES (83, 2);
INSERT INTO Link_Mitglied_Sportart (M_Id, Sport_Id) VALUES (84, 1);
INSERT INTO Link_Mitglied_Sportart (M_Id, Sport_Id) VALUES (84, 7);
INSERT INTO Link_Mitglied_Sportart (M_Id, Sport_Id) VALUES (85, 2);
INSERT INTO Link_Mitglied_Sportart (M_Id, Sport_Id) VALUES (85, 10);
INSERT INTO Link_Mitglied_Sportart (M_Id, Sport_Id) VALUES (86, 1);
INSERT INTO Link_Mitglied_Sportart (M_Id, Sport_Id) VALUES (86, 7);
INSERT INTO Link_Mitglied_Sportart (M_Id, Sport_Id) VALUES (87, 4);
INSERT INTO Link_Mitglied_Sportart (M_Id, Sport_Id) VALUES (87, 11);
INSERT INTO Link_Mitglied_Sportart (M_Id, Sport_Id) VALUES (88, 1);
INSERT INTO Link_Mitglied_Sportart (M_Id, Sport_Id) VALUES (88, 7);
INSERT INTO Link_Mitglied_Sportart (M_Id, Sport_Id) VALUES (89, 1);
INSERT INTO Link_Mitglied_Sportart (M_Id, Sport_Id) VALUES (89, 2);
INSERT INTO Link_Mitglied_Sportart (M_Id, Sport_Id) VALUES (90, 1);
INSERT INTO Link_Mitglied_Sportart (M_Id, Sport_Id) VALUES (90, 10);
INSERT INTO Link_Mitglied_Sportart (M_Id, Sport_Id) VALUES (91, 9);
INSERT INTO Link_Mitglied_Sportart (M_Id, Sport_Id) VALUES (91, 10);
INSERT INTO Link_Mitglied_Sportart (M_Id, Sport_Id) VALUES (92, 4);
INSERT INTO Link_Mitglied_Sportart (M_Id, Sport_Id) VALUES (93, 1);
INSERT INTO Link_Mitglied_Sportart (M_Id, Sport_Id) VALUES (93, 9);
INSERT INTO Link_Mitglied_Sportart (M_Id, Sport_Id) VALUES (94, 3);
INSERT INTO Link_Mitglied_Sportart (M_Id, Sport_Id) VALUES (94, 9);
INSERT INTO Link_Mitglied_Sportart (M_Id, Sport_Id) VALUES (95, 1);
INSERT INTO Link_Mitglied_Sportart (M_Id, Sport_Id) VALUES (95, 10);
INSERT INTO Link_Mitglied_Sportart (M_Id, Sport_Id) VALUES (96, 1);
INSERT INTO Link_Mitglied_Sportart (M_Id, Sport_Id) VALUES (96, 4);
INSERT INTO Link_Mitglied_Sportart (M_Id, Sport_Id) VALUES (97, 1);
INSERT INTO Link_Mitglied_Sportart (M_Id, Sport_Id) VALUES (97, 8);
INSERT INTO Link_Mitglied_Sportart (M_Id, Sport_Id) VALUES (98, 1);
INSERT INTO Link_Mitglied_Sportart (M_Id, Sport_Id) VALUES (98, 3);
INSERT INTO Link_Mitglied_Sportart (M_Id, Sport_Id) VALUES (99, 4);
INSERT INTO Link_Mitglied_Sportart (M_Id, Sport_Id) VALUES (100, 1);
INSERT INTO Link_Mitglied_Sportart (M_Id, Sport_Id) VALUES (100, 8);
INSERT INTO Link_Mitglied_Sportart (M_Id, Sport_Id) VALUES (101, 9);
INSERT INTO Link_Mitglied_Sportart (M_Id, Sport_Id) VALUES (102, 3);
INSERT INTO Link_Mitglied_Sportart (M_Id, Sport_Id) VALUES (103, 8);
INSERT INTO Link_Mitglied_Sportart (M_Id, Sport_Id) VALUES (104, 1);
INSERT INTO Link_Mitglied_Sportart (M_Id, Sport_Id) VALUES (104, 4);
INSERT INTO Link_Mitglied_Sportart (M_Id, Sport_Id) VALUES (105, 1);
INSERT INTO Link_Mitglied_Sportart (M_Id, Sport_Id) VALUES (105, 3);
INSERT INTO Link_Mitglied_Sportart (M_Id, Sport_Id) VALUES (106, 1);
INSERT INTO Link_Mitglied_Sportart (M_Id, Sport_Id) VALUES (106, 8);
INSERT INTO Link_Mitglied_Sportart (M_Id, Sport_Id) VALUES (107, 1);
INSERT INTO Link_Mitglied_Sportart (M_Id, Sport_Id) VALUES (107, 9);
INSERT INTO Link_Mitglied_Sportart (M_Id, Sport_Id) VALUES (108, 1);
INSERT INTO Link_Mitglied_Sportart (M_Id, Sport_Id) VALUES (108, 8);
INSERT INTO Link_Mitglied_Sportart (M_Id, Sport_Id) VALUES (109, 1);
INSERT INTO Link_Mitglied_Sportart (M_Id, Sport_Id) VALUES (109, 4);
INSERT INTO Link_Mitglied_Sportart (M_Id, Sport_Id) VALUES (110, 9);
INSERT INTO Link_Mitglied_Sportart (M_Id, Sport_Id) VALUES (111, 1);
INSERT INTO Link_Mitglied_Sportart (M_Id, Sport_Id) VALUES (111, 8);
INSERT INTO Link_Mitglied_Sportart (M_Id, Sport_Id) VALUES (112, 8);
INSERT INTO Link_Mitglied_Sportart (M_Id, Sport_Id) VALUES (113, 4);
INSERT INTO Link_Mitglied_Sportart (M_Id, Sport_Id) VALUES (114, 1);
INSERT INTO Link_Mitglied_Sportart (M_Id, Sport_Id) VALUES (114, 8);
INSERT INTO Link_Mitglied_Sportart (M_Id, Sport_Id) VALUES (115, 7);
INSERT INTO Link_Mitglied_Sportart (M_Id, Sport_Id) VALUES (116, 1);
INSERT INTO Link_Mitglied_Sportart (M_Id, Sport_Id) VALUES (116, 3);
INSERT INTO Link_Mitglied_Sportart (M_Id, Sport_Id) VALUES (117, 8);
INSERT INTO Link_Mitglied_Sportart (M_Id, Sport_Id) VALUES (118, 1);
INSERT INTO Link_Mitglied_Sportart (M_Id, Sport_Id) VALUES (118, 9);
INSERT INTO Link_Mitglied_Sportart (M_Id, Sport_Id) VALUES (119, 1);
INSERT INTO Link_Mitglied_Sportart (M_Id, Sport_Id) VALUES (119, 3);
INSERT INTO Link_Mitglied_Sportart (M_Id, Sport_Id) VALUES (120, 1);
INSERT INTO Link_Mitglied_Sportart (M_Id, Sport_Id) VALUES (120, 4);
INSERT INTO Link_Mitglied_Sportart (M_Id, Sport_Id) VALUES (121, 4);
INSERT INTO Link_Mitglied_Sportart (M_Id, Sport_Id) VALUES (122, 4);
INSERT INTO Link_Mitglied_Sportart (M_Id, Sport_Id) VALUES (123, 1);
INSERT INTO Link_Mitglied_Sportart (M_Id, Sport_Id) VALUES (123, 9);
INSERT INTO Link_Mitglied_Sportart (M_Id, Sport_Id) VALUES (124, 4);
INSERT INTO Link_Mitglied_Sportart (M_Id, Sport_Id) VALUES (125, 3);
INSERT INTO Link_Mitglied_Sportart (M_Id, Sport_Id) VALUES (126, 1);
INSERT INTO Link_Mitglied_Sportart (M_Id, Sport_Id) VALUES (126, 4);
INSERT INTO Link_Mitglied_Sportart (M_Id, Sport_Id) VALUES (127, 3);
INSERT INTO Link_Mitglied_Sportart (M_Id, Sport_Id) VALUES (128, 1);
INSERT INTO Link_Mitglied_Sportart (M_Id, Sport_Id) VALUES (128, 4);
INSERT INTO Link_Mitglied_Sportart (M_Id, Sport_Id) VALUES (129, 4);
INSERT INTO Link_Mitglied_Sportart (M_Id, Sport_Id) VALUES (130, 9);
INSERT INTO Link_Mitglied_Sportart (M_Id, Sport_Id) VALUES (131, 1);
INSERT INTO Link_Mitglied_Sportart (M_Id, Sport_Id) VALUES (131, 3);
INSERT INTO Link_Mitglied_Sportart (M_Id, Sport_Id) VALUES (132, 1);
INSERT INTO Link_Mitglied_Sportart (M_Id, Sport_Id) VALUES (132, 4);
INSERT INTO Link_Mitglied_Sportart (M_Id, Sport_Id) VALUES (133, 1);
INSERT INTO Link_Mitglied_Sportart (M_Id, Sport_Id) VALUES (133, 4);
INSERT INTO Link_Mitglied_Sportart (M_Id, Sport_Id) VALUES (134, 8);
INSERT INTO Link_Mitglied_Sportart (M_Id, Sport_Id) VALUES (135, 1);
INSERT INTO Link_Mitglied_Sportart (M_Id, Sport_Id) VALUES (135, 2);
INSERT INTO Link_Mitglied_Sportart (M_Id, Sport_Id) VALUES (135, 9);
INSERT INTO Link_Mitglied_Sportart (M_Id, Sport_Id) VALUES (136, 1);
INSERT INTO Link_Mitglied_Sportart (M_Id, Sport_Id) VALUES (136, 4);
INSERT INTO Link_Mitglied_Sportart (M_Id, Sport_Id) VALUES (137, 4);
INSERT INTO Link_Mitglied_Sportart (M_Id, Sport_Id) VALUES (138, 1);
INSERT INTO Link_Mitglied_Sportart (M_Id, Sport_Id) VALUES (138, 4);
INSERT INTO Link_Mitglied_Sportart (M_Id, Sport_Id) VALUES (139, 4);
INSERT INTO Link_Mitglied_Sportart (M_Id, Sport_Id) VALUES (140, 1);
INSERT INTO Link_Mitglied_Sportart (M_Id, Sport_Id) VALUES (140, 8);
INSERT INTO Link_Mitglied_Sportart (M_Id, Sport_Id) VALUES (141, 1);
INSERT INTO Link_Mitglied_Sportart (M_Id, Sport_Id) VALUES (141, 4);
INSERT INTO Link_Mitglied_Sportart (M_Id, Sport_Id) VALUES (142, 8);
INSERT INTO Link_Mitglied_Sportart (M_Id, Sport_Id) VALUES (143, 9);
INSERT INTO Link_Mitglied_Sportart (M_Id, Sport_Id) VALUES (144, 1);
INSERT INTO Link_Mitglied_Sportart (M_Id, Sport_Id) VALUES (144, 4);
INSERT INTO Link_Mitglied_Sportart (M_Id, Sport_Id) VALUES (145, 8);
INSERT INTO Link_Mitglied_Sportart (M_Id, Sport_Id) VALUES (146, 1);
INSERT INTO Link_Mitglied_Sportart (M_Id, Sport_Id) VALUES (146, 4);
INSERT INTO Link_Mitglied_Sportart (M_Id, Sport_Id) VALUES (147, 9);
INSERT INTO Link_Mitglied_Sportart (M_Id, Sport_Id) VALUES (148, 7);
INSERT INTO Link_Mitglied_Sportart (M_Id, Sport_Id) VALUES (149, 1);
INSERT INTO Link_Mitglied_Sportart (M_Id, Sport_Id) VALUES (149, 4);
INSERT INTO Link_Mitglied_Sportart (M_Id, Sport_Id) VALUES (150, 1);
INSERT INTO Link_Mitglied_Sportart (M_Id, Sport_Id) VALUES (150, 8);
INSERT INTO Link_Mitglied_Sportart (M_Id, Sport_Id) VALUES (151, 1);
INSERT INTO Link_Mitglied_Sportart (M_Id, Sport_Id) VALUES (151, 4);
INSERT INTO Link_Mitglied_Sportart (M_Id, Sport_Id) VALUES (152, 1);
INSERT INTO Link_Mitglied_Sportart (M_Id, Sport_Id) VALUES (152, 4);
INSERT INTO Link_Mitglied_Sportart (M_Id, Sport_Id) VALUES (153, 7);
INSERT INTO Link_Mitglied_Sportart (M_Id, Sport_Id) VALUES (153, 10);
INSERT INTO Link_Mitglied_Sportart (M_Id, Sport_Id) VALUES (154, 1);
INSERT INTO Link_Mitglied_Sportart (M_Id, Sport_Id) VALUES (154, 9);
INSERT INTO Link_Mitglied_Sportart (M_Id, Sport_Id) VALUES (155, 10);
INSERT INTO Link_Mitglied_Sportart (M_Id, Sport_Id) VALUES (156, 7);
INSERT INTO Link_Mitglied_Sportart (M_Id, Sport_Id) VALUES (156, 10);
INSERT INTO Link_Mitglied_Sportart (M_Id, Sport_Id) VALUES (157, 7);
INSERT INTO Link_Mitglied_Sportart (M_Id, Sport_Id) VALUES (157, 10);
INSERT INTO Link_Mitglied_Sportart (M_Id, Sport_Id) VALUES (158, 11);
INSERT INTO Link_Mitglied_Sportart (M_Id, Sport_Id) VALUES (159, 1);
INSERT INTO Link_Mitglied_Sportart (M_Id, Sport_Id) VALUES (159, 9);
INSERT INTO Link_Mitglied_Sportart (M_Id, Sport_Id) VALUES (160, 1);
INSERT INTO Link_Mitglied_Sportart (M_Id, Sport_Id) VALUES (160, 9);
INSERT INTO Link_Mitglied_Sportart (M_Id, Sport_Id) VALUES (161, 1);
INSERT INTO Link_Mitglied_Sportart (M_Id, Sport_Id) VALUES (161, 9);
INSERT INTO Link_Mitglied_Sportart (M_Id, Sport_Id) VALUES (162, 11);
INSERT INTO Link_Mitglied_Sportart (M_Id, Sport_Id) VALUES (163, 1);
INSERT INTO Link_Mitglied_Sportart (M_Id, Sport_Id) VALUES (163, 2);
INSERT INTO Link_Mitglied_Sportart (M_Id, Sport_Id) VALUES (164, 1);
INSERT INTO Link_Mitglied_Sportart (M_Id, Sport_Id) VALUES (164, 4);
INSERT INTO Link_Mitglied_Sportart (M_Id, Sport_Id) VALUES (165, 1);
INSERT INTO Link_Mitglied_Sportart (M_Id, Sport_Id) VALUES (165, 9);
INSERT INTO Link_Mitglied_Sportart (M_Id, Sport_Id) VALUES (166, 1);
INSERT INTO Link_Mitglied_Sportart (M_Id, Sport_Id) VALUES (166, 3);
INSERT INTO Link_Mitglied_Sportart (M_Id, Sport_Id) VALUES (167, 1);
INSERT INTO Link_Mitglied_Sportart (M_Id, Sport_Id) VALUES (167, 9);
INSERT INTO Link_Mitglied_Sportart (M_Id, Sport_Id) VALUES (168, 4);
INSERT INTO Link_Mitglied_Sportart (M_Id, Sport_Id) VALUES (168, 7);
INSERT INTO Link_Mitglied_Sportart (M_Id, Sport_Id) VALUES (169, 1);
INSERT INTO Link_Mitglied_Sportart (M_Id, Sport_Id) VALUES (169, 3);
INSERT INTO Link_Mitglied_Sportart (M_Id, Sport_Id) VALUES (170, 4);
INSERT INTO Link_Mitglied_Sportart (M_Id, Sport_Id) VALUES (170, 10);
INSERT INTO Link_Mitglied_Sportart (M_Id, Sport_Id) VALUES (171, 1);
INSERT INTO Link_Mitglied_Sportart (M_Id, Sport_Id) VALUES (171, 9);
INSERT INTO Link_Mitglied_Sportart (M_Id, Sport_Id) VALUES (172, 8);
INSERT INTO Link_Mitglied_Sportart (M_Id, Sport_Id) VALUES (172, 9);
INSERT INTO Link_Mitglied_Sportart (M_Id, Sport_Id) VALUES (173, 1);
INSERT INTO Link_Mitglied_Sportart (M_Id, Sport_Id) VALUES (173, 3);
INSERT INTO Link_Mitglied_Sportart (M_Id, Sport_Id) VALUES (174, 8);
INSERT INTO Link_Mitglied_Sportart (M_Id, Sport_Id) VALUES (174, 9);
INSERT INTO Link_Mitglied_Sportart (M_Id, Sport_Id) VALUES (175, 1);
INSERT INTO Link_Mitglied_Sportart (M_Id, Sport_Id) VALUES (175, 9);
INSERT INTO Link_Mitglied_Sportart (M_Id, Sport_Id) VALUES (176, 1);
INSERT INTO Link_Mitglied_Sportart (M_Id, Sport_Id) VALUES (176, 9);
INSERT INTO Link_Mitglied_Sportart (M_Id, Sport_Id) VALUES (177, 1);
INSERT INTO Link_Mitglied_Sportart (M_Id, Sport_Id) VALUES (177, 9);
INSERT INTO Link_Mitglied_Sportart (M_Id, Sport_Id) VALUES (178, 1);
INSERT INTO Link_Mitglied_Sportart (M_Id, Sport_Id) VALUES (179, 1);
INSERT INTO Link_Mitglied_Sportart (M_Id, Sport_Id) VALUES (179, 10);
INSERT INTO Link_Mitglied_Sportart (M_Id, Sport_Id) VALUES (180, 2);
INSERT INTO Link_Mitglied_Sportart (M_Id, Sport_Id) VALUES (180, 4);
INSERT INTO Link_Mitglied_Sportart (M_Id, Sport_Id) VALUES (181, 3);
INSERT INTO Link_Mitglied_Sportart (M_Id, Sport_Id) VALUES (182, 1);
INSERT INTO Link_Mitglied_Sportart (M_Id, Sport_Id) VALUES (182, 9);
INSERT INTO Link_Mitglied_Sportart (M_Id, Sport_Id) VALUES (183, 1);
INSERT INTO Link_Mitglied_Sportart (M_Id, Sport_Id) VALUES (183, 8);
INSERT INTO Link_Mitglied_Sportart (M_Id, Sport_Id) VALUES (184, 7);
INSERT INTO Link_Mitglied_Sportart (M_Id, Sport_Id) VALUES (185, 1);
INSERT INTO Link_Mitglied_Sportart (M_Id, Sport_Id) VALUES (185, 4);
INSERT INTO Link_Mitglied_Sportart (M_Id, Sport_Id) VALUES (186, 1);
INSERT INTO Link_Mitglied_Sportart (M_Id, Sport_Id) VALUES (186, 10);
INSERT INTO Link_Mitglied_Sportart (M_Id, Sport_Id) VALUES (187, 1);
INSERT INTO Link_Mitglied_Sportart (M_Id, Sport_Id) VALUES (187, 9);
INSERT INTO Link_Mitglied_Sportart (M_Id, Sport_Id) VALUES (188, 1);
INSERT INTO Link_Mitglied_Sportart (M_Id, Sport_Id) VALUES (188, 4);
INSERT INTO Link_Mitglied_Sportart (M_Id, Sport_Id) VALUES (189, 7);
INSERT INTO Link_Mitglied_Sportart (M_Id, Sport_Id) VALUES (190, 1);
INSERT INTO Link_Mitglied_Sportart (M_Id, Sport_Id) VALUES (190, 4);
INSERT INTO Link_Mitglied_Sportart (M_Id, Sport_Id) VALUES (191, 4);
INSERT INTO Link_Mitglied_Sportart (M_Id, Sport_Id) VALUES (192, 1);
INSERT INTO Link_Mitglied_Sportart (M_Id, Sport_Id) VALUES (192, 8);
INSERT INTO Link_Mitglied_Sportart (M_Id, Sport_Id) VALUES (193, 4);
INSERT INTO Link_Mitglied_Sportart (M_Id, Sport_Id) VALUES (198, 3);
INSERT INTO Link_Mitglied_Sportart (M_Id, Sport_Id) VALUES (1, 14);
INSERT INTO Link_Mitglied_Sportart (M_Id, Sport_Id) VALUES (2, 14);
INSERT INTO Link_Mitglied_Sportart (M_Id, Sport_Id) VALUES (3, 14);
INSERT INTO Link_Mitglied_Sportart (M_Id, Sport_Id) VALUES (4, 14);
INSERT INTO Link_Mitglied_Sportart (M_Id, Sport_Id) VALUES (12, 14);
